PaperId,Category
0,cs.CL
1,cs.CL
2,cs.CL
3,cs.CL
4,cs.CL
5,cs.CL
6,cs.CL
7,cs.CL
8,cs.CL
9,cs.CL
10,cs.CL
11,cs.CL
12,cs.CL
13,cs.CL
14,cs.CL
15,cs.CL
16,cs.CL
17,cs.CL
19,cs.CL
20,cs.CL
21,cs.CL
22,cs.CL
23,cs.CL
24,cs.CL
25,cs.CL
26,cs.CL
27,cs.CL
28,cs.CL
29,cs.CL
30,cs.CL
31,cs.CL
33,cs.CL
34,cs.CL
35,cs.CL
36,cs.CL
37,cs.CL
38,cs.CL
39,cs.CL
40,cs.CL
41,cs.CL
42,cs.CL
43,cs.CL
44,cs.CL
45,cs.CL
46,cs.CL
47,cs.CL
48,cs.CL
49,cs.CL
50,cs.CL
51,cs.CL
52,cs.CL
53,cs.CL
54,cs.CL
55,cs.CL
56,cs.CL
57,cs.CL
58,cs.CL
59,cs.CL
60,cs.CL
61,cs.CL
62,cs.CL
63,cs.CL
64,cs.CL
65,cs.CL
66,cs.CL
67,cs.CL
68,cs.CL
69,cs.CL
70,cs.CL
71,cs.CL
72,cs.CL
73,cs.CL
74,cs.CL
75,cs.CL
76,cs.CL
77,cs.CL
78,cs.CL
79,cs.CL
80,cs.CL
81,cs.CL
82,cs.CL
83,cs.CL
84,cs.CL
85,cs.CL
86,cs.CL
87,cs.CL
88,cs.CL
89,cs.CL
90,cs.CL
91,cs.CL
92,cs.CL
93,cs.CL
94,cs.CL
95,cs.CL
96,cs.CL
97,cs.CL
98,cs.CL
99,cs.CL
100,cs.CL
101,cs.CL
102,cs.CL
103,cs.CL
104,cs.CL
105,cs.CL
106,cs.CL
107,cs.CL
108,cs.CL
109,cs.CL
110,cs.CL
111,cs.CL
112,cs.CL
113,cs.CL
114,cs.CL
115,cs.CL
116,cs.CL
117,cs.CL
118,cs.CL
120,cs.CL
121,cs.CL
122,cs.CL
123,cs.CL
124,cs.CL
125,cs.CL
126,cs.CL
127,cs.CL
128,cs.CL
129,cs.CL
130,cs.CL
132,cs.CL
134,cs.CL
135,cs.CL
136,cs.CL
137,cs.CL
139,cs.CL
141,cs.CL
142,cs.CL
143,cs.CL
144,cs.CL
145,cs.CL
146,cs.CL
147,cs.CL
148,cs.CL
149,cs.CL
150,cs.CL
151,cs.CL
152,cs.CL
153,cs.CL
154,cs.CL
156,cs.CL
157,cs.CL
158,cs.CL
159,cs.CL
161,cs.CL
162,cs.CL
163,cs.CL
164,cs.CL
165,cs.CL
166,cs.CL
168,cs.CL
169,cs.CL
170,cs.CL
171,cs.CL
172,cs.CL
173,cs.CL
174,cs.CL
175,cs.CL
176,cs.CL
177,cs.CL
178,cs.CL
179,cs.CL
180,cs.CL
181,cs.CL
182,cs.CL
183,cs.CL
184,cs.CL
185,cs.CL
186,cs.CL
187,cs.CL
188,cs.CL
189,cs.CL
191,cs.CL
192,cs.CL
193,cs.CL
194,cs.CL
195,cs.CL
196,cs.CL
197,cs.CL
200,cs.CL
201,cs.CL
202,cs.CL
203,cs.CL
204,cs.CL
205,cs.CL
206,cs.CL
207,cs.CL
208,cs.CL
209,cs.CL
210,cs.CL
211,cs.CL
212,cs.CL
213,cs.CL
214,cs.CL
215,cs.CL
216,cs.CL
217,cs.CL
218,cs.CL
219,cs.CL
220,cs.CL
221,cs.CL
222,cs.CL
223,cs.CL
224,cs.CL
225,cs.CL
226,cs.CL
227,cs.CL
228,cs.CL
229,cs.CL
230,cs.CL
231,cs.CL
232,cs.CL
233,cs.CL
234,cs.CL
235,cs.CL
236,cs.CL
237,cs.CL
238,cs.CL
239,cs.CL
240,cs.CL
241,cs.CL
242,cs.CL
243,cs.CL
244,cs.CL
245,cs.CL
246,cs.CL
247,cs.CL
248,cs.CL
249,cs.CL
250,cs.CL
251,cs.CL
253,cs.CL
254,cs.CL
255,cs.CL
256,cs.CL
257,cs.CL
258,cs.CL
259,cs.CL
260,cs.CL
261,cs.CL
262,cs.CL
263,cs.CL
264,cs.CL
265,cs.CL
267,cs.CL
268,cs.CL
269,cs.CL
270,cs.CL
271,cs.CL
272,cs.CL
273,cs.CL
274,cs.CL
275,cs.CL
276,cs.CL
277,cs.CL
279,cs.CL
280,cs.CL
281,cs.CL
282,cs.CL
283,cs.CL
285,cs.CL
286,cs.CL
287,cs.CL
288,cs.CL
289,cs.CL
290,cs.CL
291,cs.CL
293,cs.CL
295,cs.CL
296,cs.CL
297,cs.CL
300,cs.CL
301,cs.CL
302,cs.CL
303,cs.CL
304,cs.CL
305,cs.CL
306,cs.CL
307,cs.CL
308,cs.CL
309,cs.CL
310,cs.CL
311,cs.CL
312,cs.CL
313,cs.CL
314,cs.CL
315,cs.CL
316,cs.CL
317,cs.CL
318,cs.CL
320,cs.CL
321,cs.CL
322,cs.CL
323,cs.CL
324,cs.CL
325,cs.CL
326,cs.CL
327,cs.CL
328,cs.CL
329,cs.CL
331,cs.CL
332,cs.CL
333,cs.CL
334,cs.CL
335,cs.CL
336,cs.CL
337,cs.CL
338,cs.CL
339,cs.CL
340,cs.CL
341,cs.CL
343,cs.CL
344,cs.CL
345,cs.CL
346,cs.CL
347,cs.CL
348,cs.CL
349,cs.CL
351,cs.CL
352,cs.CL
353,cs.CL
354,cs.CL
355,cs.CL
356,cs.CL
358,cs.CL
359,cs.CL
361,cs.CL
362,cs.CL
364,cs.CL
365,cs.CL
366,cs.CL
367,cs.CL
368,cs.CL
369,cs.CL
370,cs.CL
371,cs.CL
372,cs.CL
373,cs.CL
374,cs.CL
375,cs.CL
376,cs.CL
377,cs.CL
378,cs.CL
379,cs.CL
380,cs.CL
381,cs.CL
382,cs.CL
383,cs.CL
384,cs.CL
386,cs.CL
387,cs.CL
388,cs.CL
389,cs.CL
390,cs.CL
391,cs.CL
392,cs.CL
394,cs.CL
396,cs.CL
398,cs.CL
399,cs.CL
400,cs.CL
401,cs.CL
402,cs.CL
403,cs.CL
404,cs.CL
405,cs.CL
406,cs.CL
407,cs.CL
408,cs.CL
409,cs.CL
410,cs.CL
411,cs.CL
412,cs.CL
413,cs.CL
414,cs.CL
415,cs.CL
416,cs.CL
417,cs.CL
418,cs.CL
419,cs.CL
420,cs.CL
421,cs.CL
422,cs.CL
423,cs.CL
424,cs.CL
425,cs.CL
426,cs.CL
427,cs.CL
428,cs.CL
429,cs.CL
431,cs.CL
433,cs.CL
434,cs.CL
435,cs.CL
436,cs.CL
438,cs.CL
439,cs.CL
441,cs.CL
442,cs.CL
443,cs.CL
444,cs.CL
445,cs.CL
447,cs.CL
448,cs.CL
449,cs.CL
450,cs.CL
451,cs.CL
452,cs.CL
453,cs.CL
454,cs.CL
455,cs.CL
456,cs.CL
457,cs.CL
458,cs.CL
459,cs.CL
460,cs.CL
461,cs.CL
462,cs.CL
463,cs.CL
464,cs.CL
465,cs.CL
466,cs.CL
467,cs.CL
468,cs.CL
469,cs.CL
470,cs.CL
471,cs.CL
472,cs.CL
473,cs.CL
474,cs.CL
475,cs.CL
476,cs.CL
477,cs.CL
478,cs.CL
479,cs.CL
480,cs.CL
481,cs.CL
483,cs.CL
484,cs.CL
485,cs.CL
486,cs.CL
487,cs.CL
488,cs.CL
489,cs.CL
491,cs.CL
492,cs.CL
494,cs.CL
498,cs.CL
500,cs.CL
501,cs.CL
502,cs.CL
503,cs.CL
504,cs.CL
505,cs.CL
506,cs.CL
508,cs.CL
509,cs.CL
510,cs.CL
511,cs.CL
512,cs.CL
513,cs.CL
514,cs.CL
515,cs.CL
516,cs.CL
517,cs.CL
518,cs.CL
519,cs.CL
520,cs.CL
521,cs.CL
522,cs.CL
523,cs.CL
524,cs.CL
525,cs.CL
526,cs.CL
527,cs.CL
528,cs.CL
529,cs.CL
531,cs.CL
532,cs.CL
533,cs.CL
534,cs.CL
536,cs.CL
537,cs.CL
538,cs.CL
539,cs.CL
540,cs.CL
542,cs.CL
543,cs.CL
544,cs.CL
545,cs.CL
546,cs.CL
547,cs.CL
548,cs.CL
549,cs.CL
550,cs.CL
551,cs.CL
552,cs.CL
553,cs.CL
554,cs.CL
555,cs.CL
556,cs.CL
557,cs.CL
558,cs.CL
559,cs.CL
560,cs.CL
561,cs.CL
562,cs.CL
563,cs.CL
564,cs.CL
565,cs.CL
566,cs.CL
567,cs.CL
568,cs.CL
569,cs.CL
570,cs.CL
572,cs.CL
573,cs.CL
575,cs.CL
576,cs.CL
578,cs.CL
579,cs.CL
580,cs.CL
581,cs.CL
582,cs.CL
583,cs.CL
584,cs.CL
585,cs.CL
587,cs.CL
588,cs.CL
589,cs.CL
590,cs.CL
591,cs.CL
592,cs.CL
594,cs.CL
595,cs.CL
596,cs.CL
597,cs.CL
598,cs.CL
599,cs.CL
600,cs.CL
602,cs.CL
603,cs.CL
605,cs.CL
606,cs.CL
607,cs.CL
609,cs.CL
611,cs.CL
612,cs.CL
613,cs.CL
614,cs.CL
615,cs.CL
616,cs.CL
617,cs.CL
618,cs.CL
619,cs.CL
621,cs.CL
622,cs.CL
623,cs.CL
624,cs.CL
626,cs.CL
627,cs.CL
628,cs.CL
629,cs.CL
630,cs.CL
631,cs.CL
632,cs.CL
633,cs.CL
634,cs.CL
635,cs.CL
636,cs.CL
637,cs.CL
638,cs.CL
639,cs.CL
640,cs.CL
641,cs.CL
642,cs.CL
643,cs.CL
644,cs.CL
645,cs.CL
646,cs.CL
648,cs.CL
649,cs.CL
650,cs.CL
651,cs.CL
652,cs.CL
653,cs.CL
654,cs.CL
655,cs.CL
656,cs.CL
657,cs.CL
659,cs.CL
661,cs.CL
663,cs.CL
664,cs.CL
665,cs.CL
666,cs.CL
667,cs.CL
668,cs.CL
669,cs.CL
670,cs.CL
671,cs.CL
673,cs.CL
674,cs.CL
675,cs.CL
676,cs.CL
677,cs.CL
678,cs.CL
679,cs.CL
682,cs.CL
684,cs.CL
685,cs.CL
686,cs.CL
687,cs.CL
688,cs.CL
689,cs.CL
690,cs.CL
691,cs.CL
692,cs.CL
693,cs.CL
694,cs.CL
695,cs.CL
697,cs.CL
698,cs.CL
699,cs.CL
700,cs.CL
701,cs.CL
702,cs.CL
703,cs.CL
704,cs.CL
705,cs.CL
707,cs.CL
708,cs.CL
709,cs.CL
710,cs.CL
711,cs.CL
712,cs.CL
713,cs.CL
714,cs.CL
715,cs.CL
716,cs.CL
717,cs.CL
718,cs.CL
719,cs.CL
720,cs.CL
722,cs.CL
723,cs.CL
724,cs.CL
725,cs.CL
726,cs.CL
727,cs.CL
728,cs.CL
729,cs.CL
730,cs.CL
731,cs.CL
732,cs.CL
733,cs.CL
734,cs.CL
735,cs.CL
736,cs.CL
737,cs.CL
738,cs.CL
739,cs.CL
740,cs.CL
741,cs.CL
742,cs.CL
743,cs.CL
744,cs.CL
745,cs.CL
746,cs.CL
747,cs.CL
748,cs.CL
749,cs.CL
750,cs.CL
751,cs.CL
752,cs.CL
753,cs.CL
754,cs.CL
755,cs.CL
756,cs.CL
757,cs.CL
758,cs.CL
759,cs.CL
760,cs.CL
761,cs.CL
762,cs.CL
763,cs.CL
764,cs.CL
765,cs.CL
766,cs.CL
767,cs.CL
768,cs.CL
769,cs.CL
770,cs.CL
771,cs.CL
772,cs.CL
773,cs.CL
774,cs.CL
775,cs.CL
776,cs.CL
778,cs.CL
779,cs.CL
780,cs.CL
781,cs.CL
782,cs.CL
783,cs.CL
785,cs.CL
787,cs.CL
788,cs.CL
790,cs.CL
791,cs.CL
792,cs.CL
793,cs.CL
794,cs.CL
795,cs.CL
796,cs.CL
797,cs.CL
798,cs.CL
799,cs.CL
800,cs.CL
801,cs.CL
802,cs.CL
803,cs.CL
804,cs.CL
805,cs.CL
806,cs.CL
807,cs.CL
808,cs.CL
809,cs.CL
810,cs.CL
811,cs.CL
812,cs.CL
813,cs.CL
814,cs.CL
815,cs.CL
816,cs.CL
817,cs.CL
818,cs.CL
819,cs.CL
820,cs.CL
821,cs.CL
822,cs.CL
823,cs.CL
824,cs.CL
825,cs.CL
826,cs.CL
828,cs.CL
829,cs.CL
830,cs.CL
831,cs.CL
832,cs.CL
833,cs.CL
834,cs.CL
835,cs.CL
836,cs.CL
837,cs.CL
838,cs.CL
839,cs.CL
840,cs.CL
841,cs.CL
842,cs.CL
843,cs.CL
844,cs.CL
845,cs.CL
846,cs.CL
848,cs.CL
849,cs.CL
850,cs.CL
851,cs.CL
852,cs.CL
853,cs.CL
854,cs.CL
855,cs.CL
856,cs.CL
858,cs.CL
859,cs.CL
860,cs.CL
861,cs.CL
862,cs.CL
863,cs.CL
864,cs.CL
865,cs.CL
866,cs.CL
867,cs.CL
868,cs.CL
869,cs.CL
870,cs.CL
871,cs.CL
872,cs.CL
873,cs.CL
874,cs.CL
876,cs.CL
877,cs.CL
878,cs.CL
879,cs.CL
880,cs.CL
881,cs.CL
883,cs.CL
884,cs.CL
885,cs.CL
886,cs.CL
887,cs.CL
888,cs.CL
889,cs.CL
890,cs.CL
891,cs.CL
894,cs.CL
895,cs.CL
896,cs.CL
897,cs.CL
898,cs.CL
899,cs.CL
900,cs.CL
901,cs.CL
902,cs.CL
903,cs.CL
904,cs.CL
905,cs.CL
906,cs.CL
907,cs.CL
908,cs.CL
909,cs.CL
910,cs.CL
911,cs.CL
912,cs.CL
913,cs.CL
914,cs.CL
915,cs.CL
916,cs.CL
917,cs.CL
918,cs.CL
919,cs.CL
920,cs.CL
921,cs.CL
924,cs.CL
925,cs.CL
926,cs.CL
927,cs.CL
928,cs.CL
929,cs.CL
930,cs.CL
931,cs.CL
932,cs.CL
933,cs.CL
934,cs.CL
935,cs.CL
936,cs.CL
937,cs.CL
938,cs.CL
940,cs.CL
941,cs.CL
942,cs.CL
943,cs.CL
944,cs.CL
945,cs.CL
946,cs.CL
947,cs.CL
948,cs.CL
950,cs.CL
951,cs.CL
952,cs.CL
953,cs.CL
954,cs.CL
955,cs.CL
956,cs.CL
957,cs.CL
958,cs.CL
959,cs.CL
960,cs.CL
961,cs.CL
962,cs.CL
963,cs.CL
964,cs.CL
965,cs.CL
966,cs.CL
967,cs.CL
968,cs.CL
969,cs.CL
970,cs.CL
971,cs.CL
972,cs.CL
973,cs.CL
974,cs.CL
975,cs.CL
976,cs.CL
977,cs.CL
978,cs.CL
979,cs.CL
980,cs.CL
981,cs.CL
982,cs.CL
983,cs.CL
984,cs.CL
985,cs.CL
986,cs.CL
987,cs.CL
988,cs.CL
989,cs.CL
990,cs.CL
991,cs.CL
992,cs.CL
994,cs.CL
995,cs.CL
996,cs.CL
997,cs.CL
999,cs.CL
1000,cs.CL
1001,cs.CL
1002,cs.CL
1003,cs.CL
1004,cs.CL
1005,cs.CL
1006,cs.CL
1007,cs.CL
1008,cs.CL
1010,cs.CL
1011,cs.CL
1012,cs.CL
1013,cs.CL
1014,cs.CL
1015,cs.CL
1016,cs.CL
1017,cs.CL
1018,cs.CL
1019,cs.CL
1020,cs.CL
1021,cs.CL
1022,cs.CL
1023,cs.CL
1024,cs.CL
1025,cs.CL
1026,cs.CL
1027,cs.CL
1028,cs.CL
1029,cs.CL
1030,cs.CL
1031,cs.CL
1032,cs.CL
1033,cs.CL
1034,cs.CL
1035,cs.CL
1036,cs.CL
1037,cs.CL
1038,cs.CL
1039,cs.CL
1040,cs.CL
1041,cs.CL
1042,cs.CL
1043,cs.CL
1044,cs.CL
1045,cs.CL
1046,cs.CL
1047,cs.CL
1048,cs.CL
1049,cs.CL
1050,cs.CL
1051,cs.CL
1052,cs.CL
1053,cs.CL
1054,cs.CL
1055,cs.CL
1060,cs.CL
1061,cs.CL
1064,cs.CL
1065,cs.CL
1066,cs.CL
1068,cs.CL
1069,cs.CL
1071,cs.CL
1073,cs.CL
1074,cs.CL
1075,cs.CL
1076,cs.CL
1077,cs.CL
1078,cs.CL
1079,cs.CL
1080,cs.CL
1081,cs.CL
1082,cs.CL
1083,cs.CL
1084,cs.CL
1085,cs.CL
1086,cs.CL
1087,cs.CL
1088,cs.CL
1089,cs.CL
1090,cs.CL
1092,cs.CL
1093,cs.CL
1094,cs.CL
1095,cs.CL
1096,cs.CL
1097,cs.CL
1098,cs.CL
1099,cs.CL
1100,cs.CL
1101,cs.CL
1102,cs.CL
1103,cs.CL
1105,cs.CL
1106,cs.CL
1107,cs.CL
1108,cs.CL
1109,cs.CL
1110,cs.CL
1112,cs.CL
1113,cs.CL
1114,cs.CL
1115,cs.CL
1116,cs.CL
1117,cs.CL
1118,cs.CL
1119,cs.CL
1120,cs.CL
1121,cs.CL
1122,cs.CL
1123,cs.CL
1124,cs.CL
1125,cs.CL
1126,cs.CL
1127,cs.CL
1128,cs.CL
1129,cs.CL
1130,cs.CL
1131,cs.CL
1132,cs.CL
1133,cs.CL
1134,cs.CL
1135,cs.CL
1136,cs.CL
1137,cs.CL
1138,cs.CL
1139,cs.CL
1140,cs.CL
1141,cs.CL
1142,cs.CL
1143,cs.CL
1144,cs.CL
1145,cs.CL
1146,cs.CL
1147,cs.CL
1148,cs.CL
1149,cs.CL
1150,cs.CL
1151,cs.CL
1152,cs.CL
1153,cs.CL
1154,cs.CL
1155,cs.CL
1156,cs.CL
1157,cs.CL
1158,cs.CL
1159,cs.CL
1160,cs.CL
1161,cs.CL
1162,cs.CL
1163,cs.CL
1164,cs.CL
1165,cs.CL
1166,cs.CL
1167,cs.CL
1168,cs.CL
1169,cs.CL
1170,cs.CL
1171,cs.CL
1172,cs.CL
1173,cs.CL
1174,cs.CL
1175,cs.CL
1176,cs.CL
1177,cs.CL
1178,cs.CL
1179,cs.CL
1180,cs.CL
1181,cs.CL
1186,cs.CL
1190,cs.CL
1191,cs.CL
1192,cs.CL
1193,cs.CL
1194,cs.CL
1195,cs.CL
1196,cs.CL
1197,cs.CL
1198,cs.CL
1199,cs.CL
1200,cs.CL
1201,cs.CL
1202,cs.CL
1203,cs.CL
1204,cs.CL
1205,cs.CL
1206,cs.CL
1207,cs.CL
1208,cs.CL
1209,cs.CL
1210,cs.CL
1211,cs.CL
1212,cs.CL
1213,cs.CL
1214,cs.CL
1215,cs.CL
1217,cs.CL
1218,cs.CL
1219,cs.CL
1221,cs.CL
1222,cs.CL
1223,cs.CL
1224,cs.CL
1225,cs.CL
1226,cs.CL
1227,cs.CL
1229,cs.CL
1230,cs.CL
1231,cs.CL
1232,cs.CL
1233,cs.CL
1234,cs.CL
1235,cs.CL
1236,cs.CL
1240,cs.CL
1242,cs.CL
1243,cs.CL
1245,cs.CL
1246,cs.CL
1247,cs.CL
1248,cs.CL
1249,cs.CL
1250,cs.CL
1251,cs.CL
1252,cs.CL
1254,cs.CL
1256,cs.CL
1257,cs.CL
1259,cs.CL
1261,cs.CL
1262,cs.CL
1263,cs.CL
1264,cs.CL
1265,cs.CL
1266,cs.CL
1267,cs.CL
1268,cs.CL
1269,cs.CL
1271,cs.CL
1272,cs.CL
1276,cs.CL
1277,cs.CL
1280,cs.CL
1281,cs.CL
1282,cs.CL
1283,cs.CL
1285,cs.CL
1286,cs.CL
1287,cs.CL
1288,cs.CL
1289,cs.CL
1290,cs.CL
1291,cs.CL
1292,cs.CL
1293,cs.CL
1294,cs.CL
1296,cs.CL
1297,cs.CL
1298,cs.CL
1299,cs.CL
1300,cs.CL
1301,cs.CL
1302,cs.CL
1303,cs.CL
1304,cs.CL
1305,cs.CL
1306,cs.CL
1307,cs.CL
1308,cs.CL
1309,cs.CL
1310,cs.CL
1311,cs.CL
1312,cs.CL
1313,cs.CL
1314,cs.CL
1315,cs.CL
1316,cs.CL
1317,cs.CL
1320,cs.CL
1321,cs.CL
1322,cs.CL
1323,cs.CL
1324,cs.CL
1325,cs.CL
1326,cs.CL
1327,cs.CL
1328,cs.CL
1329,cs.CL
1330,cs.CL
1332,cs.CL
1333,cs.CL
1334,cs.CL
1335,cs.CL
1336,cs.CL
1337,cs.CL
1338,cs.CL
1339,cs.CL
1341,cs.CL
1344,cs.CL
1345,cs.CL
1346,cs.CL
1347,cs.CL
1348,cs.CL
1350,cs.CL
1351,cs.CL
1353,cs.CL
1354,cs.CL
1355,cs.CL
1356,cs.CL
1357,cs.CL
1358,cs.CL
1359,cs.CL
1360,cs.CL
1361,cs.CL
1362,cs.CL
1363,cs.CL
1364,cs.CL
1365,cs.CL
1366,cs.CL
1367,cs.CL
1369,cs.CL
1370,cs.CL
1371,cs.CL
1372,cs.CL
1374,cs.CL
1375,cs.CL
1376,cs.CL
1377,cs.CL
1378,cs.CL
1379,cs.CL
1380,cs.CL
1382,cs.CL
1383,cs.CL
1384,cs.CL
1386,cs.CL
1388,cs.CL
1389,cs.CL
1390,cs.CL
1391,cs.CL
1392,cs.CL
1394,cs.CL
1395,cs.CL
1396,cs.CL
1397,cs.CL
1398,cs.CL
1399,cs.CL
1402,cs.CL
1403,cs.CL
1404,cs.CL
1405,cs.CL
1406,cs.CL
1407,cs.CL
1408,cs.CL
1409,cs.CL
1410,cs.CL
1411,cs.CL
1412,cs.CL
1413,cs.CL
1414,cs.CL
1415,cs.CL
1416,cs.CL
1417,cs.CL
1418,cs.CL
1419,cs.CL
1420,cs.CL
1421,cs.CL
1422,cs.CL
1423,cs.CL
1424,cs.CL
1425,cs.CL
1427,cs.CL
1428,cs.CL
1429,cs.CL
1431,cs.CL
1432,cs.CL
1433,cs.CL
1434,cs.CL
1435,cs.CL
1436,cs.CL
1437,cs.CL
1438,cs.CL
1439,cs.CL
1440,cs.CL
1441,cs.CL
1442,cs.CL
1443,cs.CL
1444,cs.CL
1445,cs.CL
1446,cs.CL
1447,cs.CL
1448,cs.CL
1449,cs.CL
1450,cs.CL
1451,cs.CL
1452,cs.CL
1453,cs.CL
1454,cs.CL
1455,cs.CL
1456,cs.CL
1458,cs.CL
1459,cs.CL
1460,cs.CL
1461,cs.CL
1462,cs.CL
1463,cs.CL
1464,cs.CL
1465,cs.CL
1466,cs.CL
1467,cs.CL
1468,cs.CL
1469,cs.CL
1470,cs.CL
1471,cs.CL
1472,cs.CL
1473,cs.CL
1474,cs.CL
1475,cs.CL
1476,cs.CL
1477,cs.CL
1478,cs.CL
1479,cs.CL
1480,cs.CL
1482,cs.CL
1484,cs.CL
1486,cs.CL
1487,cs.CL
1488,cs.CL
1489,cs.CL
1490,cs.CL
1491,cs.CL
1492,cs.CL
1493,cs.CL
1494,cs.CL
1495,cs.CL
1496,cs.CL
1497,cs.CL
1498,cs.CL
1499,cs.CL
1500,cs.CL
1501,cs.CL
1502,cs.CL
1503,cs.CL
1504,cs.CL
1505,cs.CL
1506,cs.CL
1507,cs.CL
1508,cs.CL
1509,cs.CL
1510,cs.CL
1511,cs.CL
1512,cs.CL
1513,cs.CL
1514,cs.CL
1515,cs.CL
1516,cs.CL
1517,cs.CL
1518,cs.CL
1519,cs.CL
1520,cs.CL
1521,cs.CL
1522,cs.CL
1523,cs.CL
1524,cs.CL
1525,cs.CL
1526,cs.CL
1527,cs.CL
1528,cs.CL
1529,cs.CL
1530,cs.CL
1531,cs.CL
1532,cs.CL
1533,cs.CL
1534,cs.CL
1535,cs.CL
1536,cs.CL
1537,cs.CL
1538,cs.CL
1539,cs.CL
1540,cs.CL
1541,cs.CL
1542,cs.CL
1543,cs.CL
1544,cs.CL
1545,cs.CL
1547,cs.CL
1548,cs.CL
1549,cs.CL
1550,cs.CL
1551,cs.CL
1552,cs.CL
1553,cs.CL
1554,cs.CL
1555,cs.CL
1556,cs.CL
1557,cs.CL
1558,cs.CL
1559,cs.CL
1561,cs.CL
1562,cs.CL
1564,cs.CL
1565,cs.CL
1566,cs.CL
1567,cs.CL
1568,cs.CL
1569,cs.CL
1570,cs.CL
1571,cs.CL
1572,cs.CL
1574,cs.CL
1576,cs.CL
1577,cs.CL
1578,cs.CL
1579,cs.CL
1580,cs.CL
1581,cs.CL
1582,cs.CL
1583,cs.CL
1584,cs.CL
1586,cs.CL
1587,cs.CL
1588,cs.CL
1589,cs.CL
1590,cs.CL
1591,cs.CL
1592,cs.CL
1593,cs.CL
1595,cs.CL
1596,cs.CL
1597,cs.CL
1598,cs.CL
1599,cs.CL
1600,cs.CL
1601,cs.CL
1602,cs.CL
1603,cs.CL
1604,cs.CL
1605,cs.CL
1606,cs.CL
1607,cs.CL
1608,cs.CL
1609,cs.CL
1610,cs.CL
1611,cs.CL
1612,cs.CL
1613,cs.CL
1614,cs.CL
1615,cs.CL
1616,cs.CL
1617,cs.CL
1618,cs.CL
1619,cs.CL
1620,cs.CL
1622,cs.CL
1623,cs.CL
1624,cs.CL
1625,cs.CL
1626,cs.CL
1627,cs.CL
1628,cs.CL
1629,cs.CL
1630,cs.CL
1631,cs.CL
1632,cs.CL
1633,cs.CL
1634,cs.CL
1635,cs.CL
1636,cs.CL
1637,cs.CL
1638,cs.CL
1639,cs.CL
1640,cs.CL
1642,cs.CL
1643,cs.CL
1644,cs.CL
1645,cs.CL
1646,cs.CL
1647,cs.CL
1648,cs.CL
1649,cs.CL
1650,cs.CL
1651,cs.CL
1653,cs.CL
1654,cs.CL
1655,cs.CL
1656,cs.CL
1657,cs.CL
1658,cs.CL
1659,cs.CL
1660,cs.CL
1662,cs.CL
1663,cs.CL
1665,cs.CL
1666,cs.CL
1667,cs.CL
1668,cs.CL
1669,cs.CL
1670,cs.CL
1671,cs.CL
1672,cs.CL
1673,cs.CL
1674,cs.CL
1675,cs.CL
1676,cs.CL
1677,cs.CL
1678,cs.CL
1679,cs.CL
1681,cs.CL
1682,cs.CL
1683,cs.CL
1684,cs.CL
1685,cs.CL
1686,cs.CL
1687,cs.CL
1689,cs.CL
1690,cs.CL
1691,cs.CL
1692,cs.CL
1693,cs.CL
1694,cs.CL
1695,cs.CL
1696,cs.CL
1697,cs.CL
1698,cs.CL
1699,cs.CL
1700,cs.CL
1701,cs.CL
1702,cs.CL
1703,cs.CL
1704,cs.CL
1705,cs.CL
1706,cs.CL
1707,cs.CL
1708,cs.CL
1709,cs.CL
1710,cs.CL
1711,cs.CL
1713,cs.CL
1714,cs.CL
1715,cs.CL
1716,cs.CL
1717,cs.CL
1718,cs.CL
1719,cs.CL
1720,cs.CL
1721,cs.CL
1722,cs.CL
1723,cs.CL
1724,cs.CL
1726,cs.CL
1730,cs.CL
1731,cs.CL
1732,cs.CL
1733,cs.CL
1734,cs.CL
1735,cs.CL
1736,cs.CL
1737,cs.CL
1738,cs.CL
1739,cs.CL
1740,cs.CL
1741,cs.CL
1742,cs.CL
1744,cs.CL
1745,cs.CL
1746,cs.CL
1747,cs.CL
1750,cs.CL
1751,cs.CL
1752,cs.CL
1755,cs.CL
1756,cs.CL
1758,cs.CL
1759,cs.CL
1760,cs.CL
1761,cs.CL
1762,cs.CL
1763,cs.CL
1764,cs.CL
1766,cs.CL
1767,cs.CL
1768,cs.CL
1769,cs.CL
1770,cs.CL
1771,cs.CL
1772,cs.CL
1773,cs.CL
1774,cs.CL
1775,cs.CL
1776,cs.CL
1778,cs.CL
1780,cs.CL
1782,cs.CL
1786,cs.CL
1787,cs.CL
1788,cs.CL
1789,cs.CL
1790,cs.CL
1791,cs.CL
1792,cs.CL
1793,cs.CL
1794,cs.CL
1795,cs.CL
1797,cs.CL
1798,cs.CL
1799,cs.CL
1800,cs.CL
1801,cs.CL
1803,cs.CL
1804,cs.CL
1805,cs.CL
1806,cs.CL
1807,cs.CL
1808,cs.CL
1809,cs.CL
1810,cs.CL
1811,cs.CL
1812,cs.CL
1813,cs.CL
1814,cs.CL
1815,cs.CL
1816,cs.CL
1817,cs.CL
1818,cs.CL
1819,cs.CL
1820,cs.CL
1821,cs.CL
1822,cs.CL
1823,cs.CL
1824,cs.CL
1825,cs.CL
1826,cs.CL
1827,cs.CL
1829,cs.CL
1830,cs.CL
1831,cs.CL
1832,cs.CL
1834,cs.CL
1835,cs.CL
1836,cs.CL
1837,cs.CL
1838,cs.CL
1839,cs.CL
1840,cs.CL
1841,cs.CL
1842,cs.CL
1843,cs.CL
1844,cs.CL
1845,cs.CL
1847,cs.CL
1848,cs.CL
1849,cs.CL
1850,cs.CL
1851,cs.CL
1852,cs.CL
1853,cs.CL
1854,cs.CL
1855,cs.CL
1856,cs.CL
1857,cs.CL
1858,cs.CL
1859,cs.CL
1860,cs.CL
1861,cs.CL
1863,cs.CL
1864,cs.CL
1865,cs.CL
1866,cs.CL
1867,cs.CL
1868,cs.CL
1869,cs.CL
1870,cs.CL
1871,cs.CL
1872,cs.CL
1873,cs.CL
1874,cs.CL
1875,cs.CL
1876,cs.CL
1877,cs.CL
1878,cs.CL
1879,cs.CL
1880,cs.CL
1881,cs.CL
1882,cs.CL
1883,cs.CL
1884,cs.CL
1885,cs.CL
1886,cs.CL
1887,cs.CL
1888,cs.CL
1889,cs.CL
1890,cs.CL
1891,cs.CL
1892,cs.CL
1893,cs.CL
1894,cs.CL
1896,cs.CL
1897,cs.CL
1898,cs.CL
1899,cs.CL
1900,cs.CL
1901,cs.CL
1902,cs.CL
1904,cs.CL
1905,cs.CL
1906,cs.CL
1907,cs.CL
1908,cs.CL
1909,cs.CL
1910,cs.CL
1911,cs.CL
1912,cs.CL
1913,cs.CL
1914,cs.CL
1915,cs.CL
1916,cs.CL
1917,cs.CL
1918,cs.CL
1920,cs.CL
1921,cs.CL
1922,cs.CL
1923,cs.CL
1924,cs.CL
1925,cs.CL
1926,cs.CL
1927,cs.CL
1928,cs.CL
1929,cs.CL
1930,cs.CL
1931,cs.CL
1932,cs.CL
1933,cs.CL
1934,cs.CL
1935,cs.CL
1936,cs.CL
1937,cs.CL
1938,cs.CL
1940,cs.CL
1941,cs.CL
1942,cs.CL
1943,cs.CL
1944,cs.CL
1945,cs.CL
1946,cs.CL
1947,cs.CL
1948,cs.CL
1949,cs.CL
1950,cs.CL
1951,cs.CL
1952,cs.CL
1954,cs.CL
1955,cs.CL
1956,cs.CL
1957,cs.CL
1958,cs.CL
1959,cs.CL
1960,cs.CL
1961,cs.CL
1962,cs.CL
1963,cs.CL
1964,cs.CL
1965,cs.CL
1966,cs.CL
1967,cs.CL
1968,cs.CL
1969,cs.CL
1970,cs.CL
1971,cs.CL
1972,cs.CL
1973,cs.CL
1974,cs.CL
1975,cs.CL
1976,cs.CL
1977,cs.CL
1978,cs.CL
1979,cs.CL
1980,cs.CL
1981,cs.CL
1982,cs.CL
1983,cs.CL
1984,cs.CL
1985,cs.CL
1986,cs.CL
1987,cs.CL
1988,cs.CL
1989,cs.CL
1990,cs.CL
1991,cs.CL
1992,cs.CL
1993,cs.CL
1994,cs.CL
1995,cs.CL
1996,cs.CL
1997,cs.CL
1998,cs.CL
1999,cs.CL
2000,cs.CL
2001,cs.CL
2002,cs.CL
2003,cs.CL
2005,cs.CL
2007,cs.CL
2008,cs.CL
2009,cs.CL
2010,cs.CL
2011,cs.CL
2012,cs.CL
2013,cs.CL
2014,cs.CL
2015,cs.CL
2016,cs.CL
2017,cs.CL
2018,cs.CL
2019,cs.CL
2020,cs.CL
2021,cs.CL
2022,cs.CL
2023,cs.CL
2024,cs.CL
2025,cs.CL
2031,cs.CL
2032,cs.CL
2033,cs.CL
2034,cs.CL
2035,cs.CL
2036,cs.CL
2037,cs.CL
2038,cs.CL
2039,cs.CL
2040,cs.CL
2041,cs.CL
2042,cs.CL
2043,cs.CL
2044,cs.CL
2045,cs.CL
2046,cs.CL
2048,cs.CL
2049,cs.CL
2050,cs.CL
2051,cs.CL
2055,cs.CL
2056,cs.CL
2057,cs.CL
2058,cs.CL
2059,cs.CL
2060,cs.CL
2061,cs.CL
2063,cs.CL
2064,cs.CL
2065,cs.CL
2066,cs.CL
2067,cs.CL
2068,cs.CL
2069,cs.CL
2070,cs.CL
2071,cs.CL
2073,cs.CL
2074,cs.CL
2075,cs.CL
2076,cs.CL
2077,cs.CL
2078,cs.CL
2080,cs.CL
2081,cs.CL
2082,cs.CL
2083,cs.CL
2084,cs.CL
2085,cs.CL
2086,cs.CL
2087,cs.CL
2088,cs.CL
2089,cs.CL
2090,cs.CL
2091,cs.CL
2092,cs.CL
2093,cs.CL
2094,cs.CL
2095,cs.CL
2096,cs.CL
2097,cs.CL
2099,cs.CL
2100,cs.CL
2101,cs.CL
2102,cs.CL
2103,cs.CL
2104,cs.CL
2105,cs.CL
2106,cs.CL
2107,cs.CL
2108,cs.CL
2109,cs.CL
2110,cs.CL
2111,cs.CL
2112,cs.CL
2113,cs.CL
2114,cs.CL
2115,cs.CL
2116,cs.CL
2117,cs.CL
2118,cs.CL
2119,cs.CL
2120,cs.CL
2121,cs.CL
2122,cs.CL
2123,cs.CL
2124,cs.CL
2125,cs.CL
2126,cs.CL
2127,cs.CL
2128,cs.CL
2129,cs.CL
2130,cs.CL
2131,cs.CL
2132,cs.CL
2133,cs.CL
2134,cs.CL
2135,cs.CL
2136,cs.CL
2137,cs.CL
2138,cs.CL
2139,cs.CL
2140,cs.CL
2141,cs.CL
2142,cs.CL
2143,cs.CL
2144,cs.CL
2145,cs.CL
2146,cs.CL
2147,cs.CL
2148,cs.CL
2149,cs.CL
2150,cs.CL
2151,cs.CL
2152,cs.CL
2153,cs.CL
2154,cs.CL
2155,cs.CL
2156,cs.CL
2157,cs.CL
2158,cs.CL
2159,cs.CL
2160,cs.CL
2161,cs.CL
2162,cs.CL
2163,cs.CL
2164,cs.CL
2165,cs.CL
2166,cs.CL
2167,cs.CL
2168,cs.CL
2169,cs.CL
2170,cs.CL
2172,cs.CL
2173,cs.CL
2174,cs.CL
2175,cs.CL
2176,cs.CL
2177,cs.CL
2178,cs.CL
2179,cs.CL
2180,cs.CL
2181,cs.CL
2182,cs.CL
2183,cs.CL
2184,cs.CL
2186,cs.CL
2187,cs.CL
2188,cs.CL
2189,cs.CL
2190,cs.CL
2191,cs.CL
2193,cs.CL
2194,cs.CL
2195,cs.CL
2196,cs.CL
2197,cs.CL
2198,cs.CL
2199,cs.CL
2200,cs.CL
2201,cs.CL
2202,cs.CL
2203,cs.CL
2204,cs.CL
2205,cs.CL
2206,cs.CL
2207,cs.CL
2209,cs.CL
2210,cs.CL
2211,cs.CL
2212,cs.CL
2213,cs.CL
2214,cs.CL
2215,cs.CL
2216,cs.CL
2217,cs.CL
2218,cs.CL
2219,cs.CL
2220,cs.CL
2221,cs.CL
2222,cs.CL
2223,cs.CL
2224,cs.CL
2225,cs.CL
2226,cs.CL
2227,cs.CL
2228,cs.CL
2229,cs.CL
2230,cs.CL
2231,cs.CL
2232,cs.CL
2233,cs.CL
2234,cs.CL
2235,cs.CL
2236,cs.CL
2237,cs.CL
2238,cs.CL
2239,cs.CL
2240,cs.CL
2241,cs.CL
2242,cs.CL
2243,cs.CL
2245,cs.CL
2246,cs.CL
2247,cs.CL
2248,cs.CL
2249,cs.CL
2250,cs.CL
2253,cs.CL
2254,cs.CL
2255,cs.CL
2256,cs.CL
2257,cs.CL
2258,cs.CL
2259,cs.CL
2260,cs.CL
2261,cs.CL
2262,cs.CL
2264,cs.CL
2266,cs.CL
2267,cs.CL
2268,cs.CL
2269,cs.CL
2270,cs.CL
2271,cs.CL
2272,cs.CL
2273,cs.CL
2274,cs.CL
2275,cs.CL
2276,cs.CL
2278,cs.CL
2280,cs.CL
2281,cs.CL
2282,cs.CL
2283,cs.CL
2284,cs.CL
2285,cs.CL
2287,cs.CL
2288,cs.CL
2289,cs.CL
2290,cs.CL
2293,cs.CL
2294,cs.CL
2296,cs.CL
2298,cs.CL
2299,cs.CL
2301,cs.CL
2302,cs.CL
2307,cs.CL
2308,cs.CL
2309,cs.CL
2310,cs.CL
2311,cs.CL
2312,cs.CL
2313,cs.CL
2314,cs.CL
2316,cs.CL
2317,cs.CL
2319,cs.CL
2320,cs.CL
2322,cs.CL
2323,cs.CL
2325,cs.CL
2327,cs.CL
2328,cs.CL
2329,cs.CL
2331,cs.CL
2333,cs.CL
2334,cs.CL
2335,cs.CL
2336,cs.CL
2337,cs.CL
2338,cs.CL
2339,cs.CL
2340,cs.CL
2341,cs.CL
2342,cs.CL
2343,cs.CL
2344,cs.CL
2345,cs.CL
2346,cs.CL
2347,cs.CL
2348,cs.CL
2349,cs.CL
2350,cs.CL
2351,cs.CL
2352,cs.CL
2353,cs.CL
2354,cs.CL
2355,cs.CL
2356,cs.CL
2357,cs.CL
2358,cs.CL
2359,cs.CL
2360,cs.CL
2361,cs.CL
2362,cs.CL
2363,cs.CL
2364,cs.CL
2365,cs.CL
2366,cs.CL
2367,cs.CL
2368,cs.CL
2369,cs.CL
2370,cs.CL
2371,cs.CL
2372,cs.CL
2373,cs.CL
2374,cs.CL
2375,cs.CL
2376,cs.CL
2377,cs.CL
2378,cs.CL
2379,cs.CL
2380,cs.CL
2381,cs.CL
2382,cs.CL
2383,cs.CL
2384,cs.CL
2385,cs.CL
2386,cs.CL
2388,cs.CL
2389,cs.CL
2390,cs.CL
2391,cs.CL
2392,cs.CL
2393,cs.CL
2394,cs.CL
2395,cs.CL
2396,cs.CL
2397,cs.CL
2398,cs.CL
2399,cs.CL
2400,cs.CL
2401,cs.CL
2402,cs.CL
2403,cs.CL
2404,cs.CL
2405,cs.CL
2406,cs.CL
2408,cs.CL
2409,cs.CL
2410,cs.CL
2411,cs.CL
2412,cs.CL
2413,cs.CL
2414,cs.CL
2415,cs.CL
2416,cs.CL
2417,cs.CL
2418,cs.CL
2419,cs.CL
2420,cs.CL
2421,cs.CL
2422,cs.CL
2424,cs.CL
2425,cs.CL
2427,cs.CL
2428,cs.CL
2429,cs.CL
2430,cs.CL
2431,cs.CL
2432,cs.CL
2433,cs.CL
2434,cs.CL
2435,cs.CL
2436,cs.CL
2437,cs.CL
2438,cs.CL
2439,cs.CL
2440,cs.CL
2441,cs.CL
2442,cs.CL
2443,cs.CL
2445,cs.CL
2446,cs.CL
2447,cs.CL
2448,cs.CL
2449,cs.CL
2450,cs.CL
2451,cs.CL
2452,cs.CL
2453,cs.CL
2454,cs.CL
2455,cs.CL
2456,cs.CL
2457,cs.CL
2458,cs.CL
2459,cs.CL
2460,cs.CL
2461,cs.CL
2462,cs.CL
2463,cs.CL
2464,cs.CL
2465,cs.CL
2466,cs.CL
2467,cs.CL
2468,cs.CL
2469,cs.CL
2470,cs.CL
2471,cs.CL
2472,cs.CL
2473,cs.CL
2474,cs.CL
2476,cs.CL
2477,cs.CL
2479,cs.CL
2480,cs.CL
2481,cs.CL
2482,cs.CL
2483,cs.CL
2484,cs.CL
2485,cs.CL
2486,cs.CL
2487,cs.CL
2488,cs.CL
2489,cs.CL
2491,cs.CL
2492,cs.CL
2493,cs.CL
2494,cs.CL
2495,cs.CL
2497,cs.CL
2498,cs.CL
2500,cs.CL
2501,cs.CL
2502,cs.CL
2503,cs.CL
2504,cs.CL
2505,cs.CL
2506,cs.CL
2507,cs.CL
2508,cs.CL
2509,cs.CL
2510,cs.CL
2511,cs.CL
2512,cs.CL
2514,cs.CL
2515,cs.CL
2516,cs.CL
2517,cs.CL
2518,cs.CL
2519,cs.CL
2520,cs.CL
2521,cs.CL
2522,cs.CL
2523,cs.CL
2524,cs.CL
2525,cs.CL
2526,cs.CL
2527,cs.CL
2528,cs.CL
2530,cs.CL
2531,cs.CL
2532,cs.CL
2533,cs.CL
2534,cs.CL
2535,cs.CL
2537,cs.CL
2538,cs.CL
2539,cs.CL
2541,cs.CL
2542,cs.CL
2543,cs.CL
2545,cs.CL
2546,cs.CL
2547,cs.CL
2548,cs.CL
2549,cs.CL
2550,cs.CL
2551,cs.CL
2552,cs.CL
2553,cs.CL
2555,cs.CL
2556,cs.CL
2558,cs.CL
2559,cs.CL
2560,cs.CL
2561,cs.CL
2562,cs.CL
2563,cs.CL
2565,cs.CL
2566,cs.CL
2567,cs.CL
2568,cs.CL
2569,cs.CL
2571,cs.CL
2572,cs.CL
2574,cs.CL
2575,cs.CL
2576,cs.CL
2577,cs.CL
2579,cs.CL
2580,cs.CL
2582,cs.CL
2583,cs.CL
2584,cs.CL
2585,cs.CL
2586,cs.CL
2587,cs.CL
2589,cs.CL
2590,cs.CL
2591,cs.CL
2592,cs.CL
2593,cs.CL
2594,cs.CL
2595,cs.CL
2596,cs.CL
2597,cs.CL
2598,cs.CL
2599,cs.CL
2600,cs.CL
2602,cs.CL
2603,cs.CL
2604,cs.CL
2605,cs.CL
2606,cs.CL
2607,cs.CL
2608,cs.CL
2609,cs.CL
2610,cs.CL
2611,cs.CL
2612,cs.CL
2614,cs.CL
2615,cs.CL
2616,cs.CL
2618,cs.CL
2619,cs.CL
2626,cs.CL
2627,cs.CL
2628,cs.CL
2631,cs.CL
2632,cs.CL
2633,cs.CL
2635,cs.CL
2636,cs.CL
2637,cs.CL
2639,cs.CL
2640,cs.CL
2642,cs.CL
2643,cs.CL
2645,cs.CL
2646,cs.CL
2647,cs.CL
2648,cs.CL
2649,cs.CL
2650,cs.CL
2651,cs.CL
2652,cs.CL
2653,cs.CL
2654,cs.CL
2655,cs.CL
2656,cs.CL
2657,cs.CL
2658,cs.CL
2660,cs.CL
2668,cs.CL
2669,cs.CL
2670,cs.CL
2671,cs.CL
2672,cs.CL
2673,cs.CL
2674,cs.CL
2675,cs.CL
2676,cs.CL
2677,cs.CL
2678,cs.CL
2680,cs.CL
2681,cs.CL
2682,cs.CL
2683,cs.CL
2684,cs.CL
2685,cs.CL
2686,cs.CL
2687,cs.CL
2688,cs.CL
2689,cs.CL
2690,cs.CL
2691,cs.CL
2692,cs.CL
2693,cs.CL
2694,cs.CL
2695,cs.CL
2705,cs.CL
2707,cs.CL
2708,cs.CL
2709,cs.CL
2710,cs.CL
2712,cs.CL
2714,cs.CL
2715,cs.CL
2716,cs.CL
2717,cs.CL
2718,cs.CL
2719,cs.CL
2720,cs.CL
2721,cs.CL
2722,cs.CL
2724,cs.CL
2725,cs.CL
2726,cs.CL
2727,cs.CL
2728,cs.CL
2729,cs.CL
2730,cs.CL
2731,cs.CL
2732,cs.CL
2733,cs.CL
2734,cs.CL
2736,cs.CL
2738,cs.CL
2740,cs.CL
2742,cs.CL
2743,cs.CL
2745,cs.CL
2746,cs.CL
2747,cs.CL
2748,cs.CL
2749,cs.CL
2751,cs.CL
2752,cs.CL
2753,cs.CL
2754,cs.CL
2755,cs.CL
2756,cs.CL
2757,cs.CL
2758,cs.CL
2759,cs.CL
2760,cs.CL
2761,cs.CL
2762,cs.CL
2763,cs.CL
2764,cs.CL
2765,cs.CL
2766,cs.CL
2767,cs.CL
2768,cs.CL
2769,cs.CL
2770,cs.CL
2771,cs.CL
2772,cs.CL
2773,cs.CL
2774,cs.CL
2775,cs.CL
2776,cs.CL
2777,cs.CL
2778,cs.CL
2779,cs.CL
2780,cs.CL
2781,cs.CL
2782,cs.CL
2783,cs.CL
2784,cs.CL
2786,cs.CL
2788,cs.CL
2789,cs.CL
2790,cs.CL
2791,cs.CL
2792,cs.CL
2793,cs.CL
2794,cs.CL
2795,cs.CL
2796,cs.CL
2797,cs.CL
2798,cs.CL
2799,cs.CL
2800,cs.CL
2801,cs.CL
2802,cs.CL
2803,cs.CL
2804,cs.CL
2805,cs.CL
2806,cs.CL
2807,cs.CL
2808,cs.CL
2809,cs.CL
2811,cs.CL
2812,cs.CL
2813,cs.CL
2814,cs.CL
2815,cs.CL
2816,cs.CL
2817,cs.CL
2818,cs.CL
2819,cs.CL
2820,cs.CL
2821,cs.CL
2822,cs.CL
2823,cs.CL
2824,cs.CL
2825,cs.CL
2826,cs.CL
2827,cs.CL
2828,cs.CL
2829,cs.CL
2830,cs.CL
2831,cs.CL
2832,cs.CL
2833,cs.CL
2834,cs.CL
2835,cs.CL
2836,cs.CL
2837,cs.CL
2838,cs.CL
2839,cs.CL
2840,cs.CL
2841,cs.CL
2842,cs.CL
2843,cs.CL
2844,cs.CL
2845,cs.CL
2846,cs.CL
2847,cs.CL
2848,cs.CL
2849,cs.CL
2850,cs.CL
2851,cs.CL
2852,cs.CL
2853,cs.CL
2854,cs.CL
2855,cs.CL
2856,cs.CL
2857,cs.CL
2858,cs.CL
2859,cs.CL
2860,cs.CL
2861,cs.CL
2862,cs.CL
2863,cs.CL
2864,cs.CL
2865,cs.CL
2866,cs.CL
2867,cs.CL
2868,cs.CL
2869,cs.CL
2870,cs.CL
2871,cs.CL
2872,cs.CL
2873,cs.CL
2874,cs.CL
2875,cs.CL
2876,cs.CL
2877,cs.CL
2878,cs.CL
2879,cs.CL
2880,cs.CL
2881,cs.CL
2882,cs.CL
2884,cs.CL
2885,cs.CL
2886,cs.CL
2888,cs.CL
2889,cs.CL
2890,cs.CL
2891,cs.CL
2892,cs.CL
2893,cs.CL
2894,cs.CL
2895,cs.CL
2896,cs.CL
2897,cs.CL
2898,cs.CL
2899,cs.CL
2900,cs.CL
2901,cs.CL
2902,cs.CL
2903,cs.CL
2904,cs.CL
2905,cs.CL
2906,cs.CL
2907,cs.CL
2908,cs.CL
2909,cs.CL
2910,cs.CL
2912,cs.CL
2913,cs.CL
2914,cs.CL
2915,cs.CL
2916,cs.CL
2917,cs.CL
2918,cs.CL
2919,cs.CL
2920,cs.CL
2921,cs.CL
2922,cs.CL
2923,cs.CL
2924,cs.CL
2925,cs.CL
2926,cs.CL
2928,cs.CL
2929,cs.CL
2930,cs.CL
2931,cs.CL
2932,cs.CL
2933,cs.CL
2934,cs.CL
2935,cs.CL
2936,cs.CL
2937,cs.CL
2938,cs.CL
2939,cs.CL
2940,cs.CL
2941,cs.CL
2942,cs.CL
2943,cs.CL
2944,cs.CL
2945,cs.CL
2946,cs.CL
2947,cs.CL
2948,cs.CL
2950,cs.CL
2951,cs.CL
2953,cs.CL
2954,cs.CL
2956,cs.CL
2957,cs.CL
2958,cs.CL
2959,cs.CL
2960,cs.CL
2961,cs.CL
2962,cs.CL
2963,cs.CL
2964,cs.CL
2967,cs.CL
2970,cs.CL
2975,cs.CL
2976,cs.CL
2977,cs.CL
2978,cs.CL
2979,cs.CL
2980,cs.CL
2982,cs.CL
2983,cs.CL
2984,cs.CL
2986,cs.CL
2987,cs.CL
2988,cs.CL
2989,cs.CL
2990,cs.CL
2991,cs.CL
2992,cs.CL
2993,cs.CL
2994,cs.CL
2995,cs.CL
2996,cs.CL
2997,cs.CL
3002,cs.CL
3003,cs.CL
3004,cs.CL
3006,cs.CL
3008,cs.CL
3009,cs.CL
3010,cs.CL
3011,cs.CL
3012,cs.CL
3013,cs.CL
3014,cs.CL
3015,cs.CL
3016,cs.CL
3018,cs.CL
3019,cs.CL
3020,cs.CL
3021,cs.CL
3022,cs.CL
3023,cs.CL
3024,cs.CL
3025,cs.CL
3026,cs.CL
3027,cs.CL
3028,cs.CL
3029,cs.CL
3030,cs.CL
3031,cs.CL
3032,cs.CL
3035,cs.CL
3037,cs.CL
3038,cs.CL
3039,cs.CL
3041,cs.CL
3043,cs.CL
3044,cs.CL
3045,cs.CL
3046,cs.CL
3047,cs.CL
3048,cs.CL
3049,cs.CL
3050,cs.CL
3051,cs.CL
3052,cs.CL
3053,cs.CL
3054,cs.CL
3055,cs.CL
3056,cs.CL
3057,cs.CL
3059,cs.CL
3060,cs.CL
3061,cs.CL
3062,cs.CL
3063,cs.CL
3064,cs.CL
3065,cs.CL
3067,cs.CL
3068,cs.CL
3069,cs.CL
3070,cs.CL
3071,cs.CL
3072,cs.CL
3073,cs.CL
3074,cs.CL
3075,cs.CL
3076,cs.CL
3077,cs.CL
3078,cs.CL
3080,cs.CL
3081,cs.CL
3082,cs.CL
3083,cs.CL
3084,cs.CL
3085,cs.CL
3086,cs.CL
3087,cs.CL
3088,cs.CL
3089,cs.CL
3090,cs.CL
3091,cs.CL
3092,cs.CL
3093,cs.CL
3094,cs.CL
3096,cs.CL
3097,cs.CL
3099,cs.CL
3100,cs.CL
3101,cs.CL
3102,cs.CL
3103,cs.CL
3104,cs.CL
3105,cs.CL
3106,cs.CL
3107,cs.CL
3108,cs.CL
3109,cs.CL
3110,cs.CL
3111,cs.CL
3112,cs.CL
3113,cs.CL
3114,cs.CL
3115,cs.CL
3116,cs.CL
3117,cs.CL
3118,cs.CL
3119,cs.CL
3120,cs.CL
3121,cs.CL
3122,cs.CL
3124,cs.CL
3125,cs.CL
3126,cs.CL
3127,cs.CL
3128,cs.CL
3129,cs.CL
3130,cs.CL
3131,cs.CL
3132,cs.CL
3133,cs.CL
3134,cs.CL
3135,cs.CL
3136,cs.CL
3137,cs.CL
3139,cs.CL
3140,cs.CL
3141,cs.CL
3142,cs.CL
3143,cs.CL
3144,cs.CL
3145,cs.CL
3146,cs.CL
3147,cs.CL
3148,cs.CL
3149,cs.CL
3150,cs.CL
3151,cs.CL
3152,cs.CL
3153,cs.CL
3154,cs.CL
3155,cs.CL
3157,cs.CL
3158,cs.CL
3159,cs.CL
3160,cs.CL
3161,cs.CL
3162,cs.CL
3163,cs.CL
3164,cs.CL
3165,cs.CL
3166,cs.CL
3167,cs.CL
3168,cs.CL
3170,cs.CL
3171,cs.CL
3172,cs.CL
3173,cs.CL
3174,cs.CL
3175,cs.CL
3176,cs.CL
3177,cs.CL
3179,cs.CL
3180,cs.CL
3181,cs.CL
3182,cs.CL
3183,cs.CL
3184,cs.CL
3185,cs.CL
3186,cs.CL
3187,cs.CL
3188,cs.CL
3189,cs.CL
3191,cs.CL
3193,cs.CL
3194,cs.CL
3195,cs.CL
3196,cs.CL
3197,cs.CL
3198,cs.CL
3199,cs.CL
3200,cs.CL
3201,cs.CL
3202,cs.CL
3204,cs.CL
3205,cs.CL
3207,cs.CL
3208,cs.CL
3209,cs.CL
3210,cs.CL
3213,cs.CL
3214,cs.CL
3215,cs.CL
3216,cs.CL
3217,cs.CL
3218,cs.CL
3219,cs.CL
3220,cs.CL
3221,cs.CL
3222,cs.CL
3223,cs.CL
3225,cs.CL
3226,cs.CL
3227,cs.CL
3228,cs.CL
3229,cs.CL
3230,cs.CL
3231,cs.CL
3232,cs.CL
3233,cs.CL
3234,cs.CL
3235,cs.CL
3236,cs.CL
3237,cs.CL
3238,cs.CL
3241,cs.CL
3242,cs.CL
3244,cs.CL
3245,cs.CL
3246,cs.CL
3247,cs.CL
3248,cs.CL
3249,cs.CL
3250,cs.CL
3251,cs.CL
3252,cs.CL
3253,cs.CL
3254,cs.CL
3256,cs.CL
3258,cs.CL
3259,cs.CL
3260,cs.CL
3261,cs.CL
3262,cs.CL
3263,cs.CL
3264,cs.CL
3265,cs.CL
3266,cs.CL
3267,cs.CL
3268,cs.CL
3270,cs.CL
3271,cs.CL
3272,cs.CL
3273,cs.CL
3274,cs.CL
3275,cs.CL
3276,cs.CL
3277,cs.CL
3278,cs.CL
3279,cs.CL
3280,cs.CL
3281,cs.CL
3282,cs.CL
3283,cs.CL
3284,cs.CL
3285,cs.CL
3286,cs.CL
3287,cs.CL
3288,cs.CL
3289,cs.CL
3291,cs.CL
3292,cs.CL
3293,cs.CL
3294,cs.CL
3295,cs.CL
3296,cs.CL
3297,cs.CL
3298,cs.CL
3299,cs.CL
3300,cs.CL
3301,cs.CL
3302,cs.CL
3303,cs.CL
3304,cs.CL
3305,cs.CL
3306,cs.CL
3307,cs.CL
3308,cs.CL
3309,cs.CL
3310,cs.CL
3311,cs.CL
3312,cs.CL
3313,cs.CL
3314,cs.CL
3315,cs.CL
3316,cs.CL
3317,cs.CL
3318,cs.CL
3319,cs.CL
3320,cs.CL
3321,cs.CL
3322,cs.CL
3323,cs.CL
3324,cs.CL
3325,cs.CL
3326,cs.CL
3327,cs.CL
3328,cs.CL
3329,cs.CL
3330,cs.CL
3331,cs.CL
3332,cs.CL
3333,cs.CL
3334,cs.CL
3335,cs.CL
3336,cs.CL
3337,cs.CL
3338,cs.CL
3339,cs.CL
3340,cs.CL
3341,cs.CL
3342,cs.CL
3343,cs.CL
3344,cs.CL
3345,cs.CL
3346,cs.CL
3347,cs.CL
3348,cs.CL
3349,cs.CL
3350,cs.CL
3351,cs.CL
3352,cs.CL
3353,cs.CL
3356,cs.CL
3357,cs.CL
3358,cs.CL
3359,cs.CL
3360,cs.CL
3362,cs.CL
3363,cs.CL
3364,cs.CL
3365,cs.CL
3366,cs.CL
3368,cs.CL
3369,cs.CL
3370,cs.CL
3371,cs.CL
3372,cs.CL
3373,cs.CL
3374,cs.CL
3375,cs.CL
3376,cs.CL
3377,cs.CL
3378,cs.CL
3379,cs.CL
3380,cs.CL
3382,cs.CL
3383,cs.CL
3384,cs.CL
3385,cs.CL
3386,cs.CL
3387,cs.CL
3388,cs.CL
3389,cs.CL
3390,cs.CL
3391,cs.CL
3392,cs.CL
3393,cs.CL
3394,cs.CL
3395,cs.CL
3396,cs.CL
3397,cs.CL
3398,cs.CL
3399,cs.CL
3400,cs.CL
3401,cs.CL
3402,cs.CL
3403,cs.CL
3404,cs.CL
3405,cs.CL
3406,cs.CL
3407,cs.CL
3408,cs.CL
3409,cs.CL
3410,cs.CL
3411,cs.CL
3412,cs.CL
3413,cs.CL
3414,cs.CL
3415,cs.CL
3416,cs.CL
3417,cs.CL
3418,cs.CL
3419,cs.CL
3420,cs.CL
3421,cs.CL
3423,cs.CL
3424,cs.CL
3426,cs.CL
3427,cs.CL
3428,cs.CL
3429,cs.CL
3430,cs.CL
3431,cs.CL
3432,cs.CL
3433,cs.CL
3434,cs.CL
3435,cs.CL
3436,cs.CL
3437,cs.CL
3438,cs.CL
3439,cs.CL
3440,cs.CL
3441,cs.CL
3442,cs.CL
3443,cs.CL
3444,cs.CL
3445,cs.CL
3446,cs.CL
3447,cs.CL
3448,cs.CL
3449,cs.CL
3450,cs.CL
3451,cs.CL
3452,cs.CL
3453,cs.CL
3454,cs.CL
3455,cs.CL
3456,cs.CL
3457,cs.CL
3458,cs.CL
3459,cs.CL
3460,cs.CL
3461,cs.CL
3462,cs.CL
3463,cs.CL
3464,cs.CL
3465,cs.CL
3466,cs.CL
3467,cs.CL
3468,cs.CL
3469,cs.CL
3470,cs.CL
3472,cs.CL
3473,cs.CL
3474,cs.CL
3475,cs.CL
3477,cs.CL
3478,cs.CL
3479,cs.CL
3480,cs.CL
3481,cs.CL
3482,cs.CL
3483,cs.CL
3484,cs.CL
3485,cs.CL
3486,cs.CL
3487,cs.CL
3488,cs.CL
3489,cs.CL
3490,cs.CL
3491,cs.CL
3492,cs.CL
3493,cs.CL
3494,cs.CL
3495,cs.CL
3496,cs.CL
3497,cs.CL
3498,cs.CL
3499,cs.CL
3500,cs.CL
3501,cs.CL
3502,cs.CL
3503,cs.CL
3504,cs.CL
3505,cs.CL
3506,cs.CL
3507,cs.CL
3508,cs.CL
3509,cs.CL
3510,cs.CL
3511,cs.CL
3512,cs.CL
3513,cs.CL
3514,cs.CL
3515,cs.CL
3516,cs.CL
3517,cs.CL
3518,cs.CL
3519,cs.CL
3520,cs.CL
3521,cs.CL
3522,cs.CL
3523,cs.CL
3524,cs.CL
3526,cs.CL
3527,cs.CL
3528,cs.CL
3529,cs.CL
3530,cs.CL
3531,cs.CL
3532,cs.CL
3533,cs.CL
3534,cs.CL
3535,cs.CL
3536,cs.CL
3537,cs.CL
3538,cs.CL
3539,cs.CL
3540,cs.CL
3541,cs.CL
3542,cs.CL
3543,cs.CL
3544,cs.CL
3545,cs.CL
3546,cs.CL
3547,cs.CL
3548,cs.CL
3549,cs.CL
3550,cs.CL
3551,cs.CL
3552,cs.CL
3553,cs.CL
3554,cs.CL
3556,cs.CL
3557,cs.CL
1,cs.AI
12,cs.AI
19,cs.AI
20,cs.AI
22,cs.AI
23,cs.AI
30,cs.AI
31,cs.AI
37,cs.AI
42,cs.AI
46,cs.AI
47,cs.AI
58,cs.AI
59,cs.AI
62,cs.AI
68,cs.AI
76,cs.AI
79,cs.AI
85,cs.AI
93,cs.AI
94,cs.AI
95,cs.AI
101,cs.AI
114,cs.AI
116,cs.AI
119,cs.AI
123,cs.AI
126,cs.AI
131,cs.AI
137,cs.AI
140,cs.AI
142,cs.AI
145,cs.AI
156,cs.AI
157,cs.AI
171,cs.AI
176,cs.AI
178,cs.AI
180,cs.AI
181,cs.AI
183,cs.AI
190,cs.AI
192,cs.AI
196,cs.AI
201,cs.AI
204,cs.AI
207,cs.AI
211,cs.AI
222,cs.AI
223,cs.AI
224,cs.AI
236,cs.AI
262,cs.AI
265,cs.AI
269,cs.AI
270,cs.AI
276,cs.AI
280,cs.AI
282,cs.AI
285,cs.AI
288,cs.AI
293,cs.AI
295,cs.AI
300,cs.AI
307,cs.AI
310,cs.AI
320,cs.AI
324,cs.AI
325,cs.AI
327,cs.AI
328,cs.AI
329,cs.AI
330,cs.AI
336,cs.AI
338,cs.AI
339,cs.AI
347,cs.AI
348,cs.AI
351,cs.AI
354,cs.AI
366,cs.AI
372,cs.AI
386,cs.AI
388,cs.AI
396,cs.AI
404,cs.AI
405,cs.AI
407,cs.AI
410,cs.AI
417,cs.AI
418,cs.AI
436,cs.AI
438,cs.AI
442,cs.AI
447,cs.AI
448,cs.AI
450,cs.AI
457,cs.AI
461,cs.AI
465,cs.AI
469,cs.AI
477,cs.AI
479,cs.AI
482,cs.AI
484,cs.AI
488,cs.AI
492,cs.AI
498,cs.AI
499,cs.AI
500,cs.AI
507,cs.AI
508,cs.AI
510,cs.AI
511,cs.AI
517,cs.AI
522,cs.AI
525,cs.AI
527,cs.AI
528,cs.AI
531,cs.AI
543,cs.AI
548,cs.AI
549,cs.AI
556,cs.AI
557,cs.AI
558,cs.AI
571,cs.AI
572,cs.AI
574,cs.AI
575,cs.AI
581,cs.AI
585,cs.AI
588,cs.AI
591,cs.AI
592,cs.AI
595,cs.AI
596,cs.AI
599,cs.AI
601,cs.AI
608,cs.AI
614,cs.AI
615,cs.AI
616,cs.AI
620,cs.AI
621,cs.AI
622,cs.AI
625,cs.AI
630,cs.AI
632,cs.AI
635,cs.AI
640,cs.AI
641,cs.AI
642,cs.AI
643,cs.AI
649,cs.AI
655,cs.AI
656,cs.AI
657,cs.AI
658,cs.AI
668,cs.AI
673,cs.AI
680,cs.AI
684,cs.AI
688,cs.AI
692,cs.AI
694,cs.AI
698,cs.AI
699,cs.AI
705,cs.AI
713,cs.AI
716,cs.AI
719,cs.AI
730,cs.AI
735,cs.AI
738,cs.AI
739,cs.AI
743,cs.AI
746,cs.AI
766,cs.AI
770,cs.AI
772,cs.AI
782,cs.AI
784,cs.AI
794,cs.AI
795,cs.AI
796,cs.AI
799,cs.AI
800,cs.AI
801,cs.AI
803,cs.AI
808,cs.AI
810,cs.AI
817,cs.AI
818,cs.AI
820,cs.AI
823,cs.AI
824,cs.AI
825,cs.AI
833,cs.AI
836,cs.AI
843,cs.AI
850,cs.AI
858,cs.AI
866,cs.AI
867,cs.AI
868,cs.AI
872,cs.AI
880,cs.AI
886,cs.AI
895,cs.AI
897,cs.AI
898,cs.AI
900,cs.AI
901,cs.AI
902,cs.AI
909,cs.AI
914,cs.AI
917,cs.AI
920,cs.AI
923,cs.AI
924,cs.AI
926,cs.AI
927,cs.AI
929,cs.AI
932,cs.AI
938,cs.AI
939,cs.AI
946,cs.AI
950,cs.AI
952,cs.AI
959,cs.AI
965,cs.AI
967,cs.AI
970,cs.AI
975,cs.AI
980,cs.AI
988,cs.AI
990,cs.AI
992,cs.AI
996,cs.AI
1000,cs.AI
1002,cs.AI
1004,cs.AI
1008,cs.AI
1010,cs.AI
1016,cs.AI
1027,cs.AI
1031,cs.AI
1033,cs.AI
1040,cs.AI
1041,cs.AI
1043,cs.AI
1045,cs.AI
1047,cs.AI
1049,cs.AI
1053,cs.AI
1055,cs.AI
1057,cs.AI
1072,cs.AI
1084,cs.AI
1085,cs.AI
1090,cs.AI
1094,cs.AI
1099,cs.AI
1105,cs.AI
1126,cs.AI
1129,cs.AI
1132,cs.AI
1133,cs.AI
1137,cs.AI
1138,cs.AI
1144,cs.AI
1146,cs.AI
1156,cs.AI
1159,cs.AI
1161,cs.AI
1176,cs.AI
1177,cs.AI
1186,cs.AI
1190,cs.AI
1199,cs.AI
1200,cs.AI
1203,cs.AI
1209,cs.AI
1212,cs.AI
1217,cs.AI
1223,cs.AI
1226,cs.AI
1227,cs.AI
1228,cs.AI
1234,cs.AI
1241,cs.AI
1245,cs.AI
1247,cs.AI
1254,cs.AI
1258,cs.AI
1260,cs.AI
1265,cs.AI
1267,cs.AI
1272,cs.AI
1273,cs.AI
1278,cs.AI
1280,cs.AI
1283,cs.AI
1284,cs.AI
1285,cs.AI
1291,cs.AI
1296,cs.AI
1301,cs.AI
1310,cs.AI
1313,cs.AI
1315,cs.AI
1320,cs.AI
1322,cs.AI
1324,cs.AI
1325,cs.AI
1327,cs.AI
1332,cs.AI
1333,cs.AI
1336,cs.AI
1339,cs.AI
1342,cs.AI
1344,cs.AI
1347,cs.AI
1358,cs.AI
1359,cs.AI
1366,cs.AI
1378,cs.AI
1380,cs.AI
1381,cs.AI
1382,cs.AI
1383,cs.AI
1390,cs.AI
1391,cs.AI
1392,cs.AI
1396,cs.AI
1397,cs.AI
1398,cs.AI
1399,cs.AI
1403,cs.AI
1405,cs.AI
1412,cs.AI
1413,cs.AI
1415,cs.AI
1418,cs.AI
1419,cs.AI
1427,cs.AI
1437,cs.AI
1440,cs.AI
1444,cs.AI
1451,cs.AI
1455,cs.AI
1458,cs.AI
1459,cs.AI
1460,cs.AI
1461,cs.AI
1462,cs.AI
1463,cs.AI
1466,cs.AI
1468,cs.AI
1469,cs.AI
1473,cs.AI
1475,cs.AI
1477,cs.AI
1478,cs.AI
1479,cs.AI
1480,cs.AI
1481,cs.AI
1483,cs.AI
1487,cs.AI
1500,cs.AI
1508,cs.AI
1532,cs.AI
1541,cs.AI
1548,cs.AI
1553,cs.AI
1554,cs.AI
1556,cs.AI
1557,cs.AI
1562,cs.AI
1565,cs.AI
1566,cs.AI
1569,cs.AI
1580,cs.AI
1594,cs.AI
1595,cs.AI
1606,cs.AI
1607,cs.AI
1608,cs.AI
1610,cs.AI
1611,cs.AI
1614,cs.AI
1622,cs.AI
1625,cs.AI
1630,cs.AI
1633,cs.AI
1638,cs.AI
1640,cs.AI
1644,cs.AI
1651,cs.AI
1652,cs.AI
1658,cs.AI
1664,cs.AI
1672,cs.AI
1681,cs.AI
1682,cs.AI
1684,cs.AI
1685,cs.AI
1689,cs.AI
1690,cs.AI
1696,cs.AI
1697,cs.AI
1705,cs.AI
1706,cs.AI
1707,cs.AI
1709,cs.AI
1719,cs.AI
1723,cs.AI
1727,cs.AI
1728,cs.AI
1731,cs.AI
1732,cs.AI
1733,cs.AI
1736,cs.AI
1739,cs.AI
1741,cs.AI
1743,cs.AI
1747,cs.AI
1751,cs.AI
1752,cs.AI
1754,cs.AI
1762,cs.AI
1766,cs.AI
1767,cs.AI
1768,cs.AI
1769,cs.AI
1770,cs.AI
1775,cs.AI
1777,cs.AI
1778,cs.AI
1810,cs.AI
1812,cs.AI
1814,cs.AI
1816,cs.AI
1823,cs.AI
1824,cs.AI
1825,cs.AI
1826,cs.AI
1836,cs.AI
1842,cs.AI
1846,cs.AI
1849,cs.AI
1850,cs.AI
1851,cs.AI
1852,cs.AI
1855,cs.AI
1856,cs.AI
1865,cs.AI
1867,cs.AI
1868,cs.AI
1870,cs.AI
1872,cs.AI
1873,cs.AI
1874,cs.AI
1878,cs.AI
1880,cs.AI
1882,cs.AI
1883,cs.AI
1884,cs.AI
1890,cs.AI
1891,cs.AI
1893,cs.AI
1897,cs.AI
1899,cs.AI
1904,cs.AI
1920,cs.AI
1930,cs.AI
1932,cs.AI
1948,cs.AI
1956,cs.AI
1957,cs.AI
1975,cs.AI
1978,cs.AI
1980,cs.AI
1983,cs.AI
1984,cs.AI
1986,cs.AI
1989,cs.AI
1992,cs.AI
1998,cs.AI
2006,cs.AI
2009,cs.AI
2011,cs.AI
2012,cs.AI
2015,cs.AI
2016,cs.AI
2019,cs.AI
2020,cs.AI
2021,cs.AI
2022,cs.AI
2023,cs.AI
2032,cs.AI
2035,cs.AI
2036,cs.AI
2039,cs.AI
2041,cs.AI
2042,cs.AI
2043,cs.AI
2044,cs.AI
2048,cs.AI
2049,cs.AI
2050,cs.AI
2052,cs.AI
2053,cs.AI
2054,cs.AI
2057,cs.AI
2059,cs.AI
2060,cs.AI
2061,cs.AI
2063,cs.AI
2065,cs.AI
2085,cs.AI
2094,cs.AI
2108,cs.AI
2114,cs.AI
2121,cs.AI
2123,cs.AI
2125,cs.AI
2128,cs.AI
2131,cs.AI
2136,cs.AI
2146,cs.AI
2147,cs.AI
2149,cs.AI
2150,cs.AI
2155,cs.AI
2156,cs.AI
2157,cs.AI
2170,cs.AI
2171,cs.AI
2178,cs.AI
2181,cs.AI
2182,cs.AI
2183,cs.AI
2184,cs.AI
2189,cs.AI
2191,cs.AI
2195,cs.AI
2202,cs.AI
2204,cs.AI
2207,cs.AI
2210,cs.AI
2212,cs.AI
2217,cs.AI
2227,cs.AI
2241,cs.AI
2242,cs.AI
2245,cs.AI
2247,cs.AI
2248,cs.AI
2249,cs.AI
2250,cs.AI
2254,cs.AI
2257,cs.AI
2260,cs.AI
2262,cs.AI
2264,cs.AI
2265,cs.AI
2274,cs.AI
2279,cs.AI
2280,cs.AI
2281,cs.AI
2284,cs.AI
2285,cs.AI
2287,cs.AI
2295,cs.AI
2298,cs.AI
2314,cs.AI
2315,cs.AI
2319,cs.AI
2320,cs.AI
2324,cs.AI
2326,cs.AI
2332,cs.AI
2335,cs.AI
2340,cs.AI
2348,cs.AI
2354,cs.AI
2358,cs.AI
2359,cs.AI
2365,cs.AI
2373,cs.AI
2383,cs.AI
2384,cs.AI
2390,cs.AI
2403,cs.AI
2406,cs.AI
2407,cs.AI
2409,cs.AI
2415,cs.AI
2422,cs.AI
2426,cs.AI
2437,cs.AI
2438,cs.AI
2439,cs.AI
2440,cs.AI
2448,cs.AI
2449,cs.AI
2456,cs.AI
2457,cs.AI
2461,cs.AI
2464,cs.AI
2465,cs.AI
2475,cs.AI
2476,cs.AI
2477,cs.AI
2478,cs.AI
2479,cs.AI
2481,cs.AI
2483,cs.AI
2484,cs.AI
2487,cs.AI
2488,cs.AI
2489,cs.AI
2491,cs.AI
2493,cs.AI
2495,cs.AI
2497,cs.AI
2501,cs.AI
2502,cs.AI
2503,cs.AI
2507,cs.AI
2511,cs.AI
2514,cs.AI
2521,cs.AI
2523,cs.AI
2537,cs.AI
2538,cs.AI
2548,cs.AI
2550,cs.AI
2552,cs.AI
2553,cs.AI
2554,cs.AI
2561,cs.AI
2565,cs.AI
2566,cs.AI
2573,cs.AI
2576,cs.AI
2577,cs.AI
2579,cs.AI
2587,cs.AI
2589,cs.AI
2593,cs.AI
2599,cs.AI
2601,cs.AI
2602,cs.AI
2605,cs.AI
2608,cs.AI
2609,cs.AI
2612,cs.AI
2613,cs.AI
2623,cs.AI
2626,cs.AI
2627,cs.AI
2631,cs.AI
2635,cs.AI
2650,cs.AI
2653,cs.AI
2656,cs.AI
2657,cs.AI
2658,cs.AI
2660,cs.AI
2664,cs.AI
2681,cs.AI
2692,cs.AI
2694,cs.AI
2696,cs.AI
2701,cs.AI
2703,cs.AI
2707,cs.AI
2709,cs.AI
2710,cs.AI
2711,cs.AI
2714,cs.AI
2715,cs.AI
2721,cs.AI
2729,cs.AI
2730,cs.AI
2731,cs.AI
2733,cs.AI
2736,cs.AI
2737,cs.AI
2738,cs.AI
2739,cs.AI
2743,cs.AI
2744,cs.AI
2745,cs.AI
2752,cs.AI
2756,cs.AI
2759,cs.AI
2760,cs.AI
2770,cs.AI
2773,cs.AI
2778,cs.AI
2780,cs.AI
2785,cs.AI
2792,cs.AI
2795,cs.AI
2802,cs.AI
2809,cs.AI
2818,cs.AI
2825,cs.AI
2826,cs.AI
2828,cs.AI
2841,cs.AI
2845,cs.AI
2849,cs.AI
2851,cs.AI
2855,cs.AI
2857,cs.AI
2861,cs.AI
2876,cs.AI
2881,cs.AI
2884,cs.AI
2889,cs.AI
2895,cs.AI
2897,cs.AI
2898,cs.AI
2899,cs.AI
2905,cs.AI
2909,cs.AI
2910,cs.AI
2911,cs.AI
2913,cs.AI
2914,cs.AI
2917,cs.AI
2920,cs.AI
2921,cs.AI
2930,cs.AI
2938,cs.AI
2939,cs.AI
2940,cs.AI
2941,cs.AI
2942,cs.AI
2943,cs.AI
2946,cs.AI
2947,cs.AI
2955,cs.AI
2957,cs.AI
2958,cs.AI
2965,cs.AI
2968,cs.AI
2978,cs.AI
2979,cs.AI
2981,cs.AI
2985,cs.AI
2989,cs.AI
2990,cs.AI
2994,cs.AI
2997,cs.AI
3007,cs.AI
3011,cs.AI
3012,cs.AI
3013,cs.AI
3017,cs.AI
3023,cs.AI
3028,cs.AI
3031,cs.AI
3032,cs.AI
3042,cs.AI
3054,cs.AI
3056,cs.AI
3059,cs.AI
3068,cs.AI
3076,cs.AI
3088,cs.AI
3097,cs.AI
3102,cs.AI
3103,cs.AI
3109,cs.AI
3114,cs.AI
3116,cs.AI
3117,cs.AI
3125,cs.AI
3129,cs.AI
3132,cs.AI
3141,cs.AI
3143,cs.AI
3146,cs.AI
3147,cs.AI
3148,cs.AI
3149,cs.AI
3151,cs.AI
3153,cs.AI
3156,cs.AI
3158,cs.AI
3167,cs.AI
3168,cs.AI
3170,cs.AI
3175,cs.AI
3176,cs.AI
3186,cs.AI
3187,cs.AI
3188,cs.AI
3195,cs.AI
3198,cs.AI
3199,cs.AI
3200,cs.AI
3202,cs.AI
3207,cs.AI
3208,cs.AI
3211,cs.AI
3221,cs.AI
3229,cs.AI
3237,cs.AI
3244,cs.AI
3250,cs.AI
3258,cs.AI
3261,cs.AI
3264,cs.AI
3265,cs.AI
3266,cs.AI
3267,cs.AI
3268,cs.AI
3269,cs.AI
3279,cs.AI
3287,cs.AI
3300,cs.AI
3311,cs.AI
3314,cs.AI
3331,cs.AI
3335,cs.AI
3341,cs.AI
3343,cs.AI
3344,cs.AI
3365,cs.AI
3370,cs.AI
3371,cs.AI
3374,cs.AI
3376,cs.AI
3378,cs.AI
3386,cs.AI
3395,cs.AI
3403,cs.AI
3407,cs.AI
3417,cs.AI
3424,cs.AI
3430,cs.AI
3431,cs.AI
3432,cs.AI
3434,cs.AI
3437,cs.AI
3440,cs.AI
3444,cs.AI
3450,cs.AI
3451,cs.AI
3452,cs.AI
3463,cs.AI
3467,cs.AI
3473,cs.AI
3474,cs.AI
3475,cs.AI
3476,cs.AI
3477,cs.AI
3482,cs.AI
3485,cs.AI
3493,cs.AI
3494,cs.AI
3495,cs.AI
3500,cs.AI
3504,cs.AI
3507,cs.AI
3509,cs.AI
3510,cs.AI
3514,cs.AI
3515,cs.AI
3516,cs.AI
3517,cs.AI
3518,cs.AI
3519,cs.AI
3522,cs.AI
3523,cs.AI
3528,cs.AI
3533,cs.AI
3535,cs.AI
3536,cs.AI
3537,cs.AI
3539,cs.AI
3542,cs.AI
3546,cs.AI
3553,cs.AI
10,cs.LG
12,cs.LG
34,cs.LG
35,cs.LG
37,cs.LG
38,cs.LG
62,cs.LG
65,cs.LG
66,cs.LG
71,cs.LG
85,cs.LG
87,cs.LG
97,cs.LG
101,cs.LG
104,cs.LG
107,cs.LG
112,cs.LG
128,cs.LG
132,cs.LG
139,cs.LG
140,cs.LG
142,cs.LG
151,cs.LG
154,cs.LG
159,cs.LG
163,cs.LG
166,cs.LG
171,cs.LG
175,cs.LG
179,cs.LG
183,cs.LG
188,cs.LG
201,cs.LG
204,cs.LG
214,cs.LG
215,cs.LG
223,cs.LG
224,cs.LG
228,cs.LG
236,cs.LG
240,cs.LG
264,cs.LG
270,cs.LG
272,cs.LG
284,cs.LG
289,cs.LG
293,cs.LG
295,cs.LG
300,cs.LG
305,cs.LG
311,cs.LG
313,cs.LG
315,cs.LG
317,cs.LG
322,cs.LG
324,cs.LG
330,cs.LG
335,cs.LG
338,cs.LG
343,cs.LG
344,cs.LG
348,cs.LG
350,cs.LG
354,cs.LG
368,cs.LG
369,cs.LG
373,cs.LG
374,cs.LG
379,cs.LG
386,cs.LG
393,cs.LG
401,cs.LG
404,cs.LG
405,cs.LG
408,cs.LG
416,cs.LG
417,cs.LG
418,cs.LG
419,cs.LG
452,cs.LG
454,cs.LG
475,cs.LG
489,cs.LG
496,cs.LG
499,cs.LG
500,cs.LG
502,cs.LG
511,cs.LG
524,cs.LG
525,cs.LG
527,cs.LG
528,cs.LG
529,cs.LG
530,cs.LG
541,cs.LG
542,cs.LG
543,cs.LG
545,cs.LG
547,cs.LG
550,cs.LG
553,cs.LG
554,cs.LG
555,cs.LG
556,cs.LG
565,cs.LG
575,cs.LG
583,cs.LG
584,cs.LG
585,cs.LG
587,cs.LG
592,cs.LG
595,cs.LG
599,cs.LG
612,cs.LG
617,cs.LG
622,cs.LG
625,cs.LG
632,cs.LG
637,cs.LG
639,cs.LG
640,cs.LG
643,cs.LG
655,cs.LG
656,cs.LG
659,cs.LG
661,cs.LG
662,cs.LG
663,cs.LG
667,cs.LG
670,cs.LG
686,cs.LG
688,cs.LG
690,cs.LG
692,cs.LG
695,cs.LG
709,cs.LG
715,cs.LG
718,cs.LG
719,cs.LG
731,cs.LG
734,cs.LG
738,cs.LG
739,cs.LG
742,cs.LG
744,cs.LG
746,cs.LG
750,cs.LG
756,cs.LG
758,cs.LG
759,cs.LG
764,cs.LG
770,cs.LG
776,cs.LG
782,cs.LG
784,cs.LG
794,cs.LG
800,cs.LG
801,cs.LG
813,cs.LG
824,cs.LG
825,cs.LG
828,cs.LG
836,cs.LG
850,cs.LG
852,cs.LG
855,cs.LG
866,cs.LG
879,cs.LG
880,cs.LG
884,cs.LG
889,cs.LG
892,cs.LG
893,cs.LG
895,cs.LG
898,cs.LG
900,cs.LG
901,cs.LG
902,cs.LG
905,cs.LG
907,cs.LG
910,cs.LG
912,cs.LG
913,cs.LG
914,cs.LG
921,cs.LG
922,cs.LG
923,cs.LG
927,cs.LG
932,cs.LG
934,cs.LG
935,cs.LG
940,cs.LG
943,cs.LG
944,cs.LG
947,cs.LG
951,cs.LG
953,cs.LG
961,cs.LG
964,cs.LG
967,cs.LG
974,cs.LG
982,cs.LG
989,cs.LG
1004,cs.LG
1014,cs.LG
1015,cs.LG
1018,cs.LG
1026,cs.LG
1027,cs.LG
1029,cs.LG
1033,cs.LG
1035,cs.LG
1037,cs.LG
1049,cs.LG
1053,cs.LG
1057,cs.LG
1058,cs.LG
1066,cs.LG
1079,cs.LG
1080,cs.LG
1082,cs.LG
1084,cs.LG
1085,cs.LG
1087,cs.LG
1088,cs.LG
1090,cs.LG
1091,cs.LG
1094,cs.LG
1098,cs.LG
1105,cs.LG
1106,cs.LG
1107,cs.LG
1108,cs.LG
1110,cs.LG
1113,cs.LG
1116,cs.LG
1120,cs.LG
1123,cs.LG
1124,cs.LG
1126,cs.LG
1127,cs.LG
1135,cs.LG
1137,cs.LG
1143,cs.LG
1151,cs.LG
1169,cs.LG
1177,cs.LG
1186,cs.LG
1190,cs.LG
1203,cs.LG
1205,cs.LG
1211,cs.LG
1216,cs.LG
1222,cs.LG
1233,cs.LG
1236,cs.LG
1244,cs.LG
1245,cs.LG
1251,cs.LG
1255,cs.LG
1256,cs.LG
1261,cs.LG
1264,cs.LG
1266,cs.LG
1268,cs.LG
1274,cs.LG
1282,cs.LG
1283,cs.LG
1295,cs.LG
1299,cs.LG
1306,cs.LG
1307,cs.LG
1313,cs.LG
1314,cs.LG
1315,cs.LG
1321,cs.LG
1326,cs.LG
1327,cs.LG
1338,cs.LG
1341,cs.LG
1351,cs.LG
1353,cs.LG
1354,cs.LG
1357,cs.LG
1358,cs.LG
1359,cs.LG
1360,cs.LG
1361,cs.LG
1363,cs.LG
1365,cs.LG
1366,cs.LG
1369,cs.LG
1371,cs.LG
1375,cs.LG
1379,cs.LG
1381,cs.LG
1382,cs.LG
1392,cs.LG
1395,cs.LG
1398,cs.LG
1400,cs.LG
1401,cs.LG
1402,cs.LG
1404,cs.LG
1409,cs.LG
1414,cs.LG
1418,cs.LG
1419,cs.LG
1422,cs.LG
1423,cs.LG
1426,cs.LG
1433,cs.LG
1434,cs.LG
1436,cs.LG
1437,cs.LG
1438,cs.LG
1441,cs.LG
1442,cs.LG
1444,cs.LG
1449,cs.LG
1450,cs.LG
1456,cs.LG
1459,cs.LG
1460,cs.LG
1468,cs.LG
1471,cs.LG
1479,cs.LG
1511,cs.LG
1512,cs.LG
1514,cs.LG
1526,cs.LG
1531,cs.LG
1541,cs.LG
1542,cs.LG
1547,cs.LG
1552,cs.LG
1554,cs.LG
1559,cs.LG
1565,cs.LG
1566,cs.LG
1569,cs.LG
1576,cs.LG
1582,cs.LG
1588,cs.LG
1591,cs.LG
1592,cs.LG
1593,cs.LG
1604,cs.LG
1607,cs.LG
1608,cs.LG
1615,cs.LG
1616,cs.LG
1617,cs.LG
1630,cs.LG
1638,cs.LG
1655,cs.LG
1662,cs.LG
1668,cs.LG
1672,cs.LG
1676,cs.LG
1677,cs.LG
1678,cs.LG
1681,cs.LG
1684,cs.LG
1685,cs.LG
1686,cs.LG
1687,cs.LG
1688,cs.LG
1697,cs.LG
1710,cs.LG
1714,cs.LG
1715,cs.LG
1720,cs.LG
1724,cs.LG
1726,cs.LG
1730,cs.LG
1731,cs.LG
1733,cs.LG
1734,cs.LG
1738,cs.LG
1739,cs.LG
1743,cs.LG
1744,cs.LG
1745,cs.LG
1752,cs.LG
1753,cs.LG
1760,cs.LG
1761,cs.LG
1768,cs.LG
1770,cs.LG
1771,cs.LG
1772,cs.LG
1774,cs.LG
1777,cs.LG
1781,cs.LG
1791,cs.LG
1794,cs.LG
1795,cs.LG
1800,cs.LG
1801,cs.LG
1805,cs.LG
1807,cs.LG
1819,cs.LG
1820,cs.LG
1821,cs.LG
1824,cs.LG
1836,cs.LG
1843,cs.LG
1847,cs.LG
1853,cs.LG
1854,cs.LG
1855,cs.LG
1856,cs.LG
1859,cs.LG
1864,cs.LG
1865,cs.LG
1871,cs.LG
1874,cs.LG
1880,cs.LG
1881,cs.LG
1887,cs.LG
1889,cs.LG
1891,cs.LG
1893,cs.LG
1894,cs.LG
1896,cs.LG
1899,cs.LG
1909,cs.LG
1914,cs.LG
1919,cs.LG
1921,cs.LG
1923,cs.LG
1925,cs.LG
1929,cs.LG
1930,cs.LG
1931,cs.LG
1936,cs.LG
1955,cs.LG
1956,cs.LG
1957,cs.LG
1962,cs.LG
1976,cs.LG
1978,cs.LG
1979,cs.LG
1980,cs.LG
1984,cs.LG
1987,cs.LG
1989,cs.LG
1997,cs.LG
1998,cs.LG
2005,cs.LG
2011,cs.LG
2012,cs.LG
2014,cs.LG
2015,cs.LG
2018,cs.LG
2020,cs.LG
2031,cs.LG
2032,cs.LG
2033,cs.LG
2035,cs.LG
2036,cs.LG
2037,cs.LG
2041,cs.LG
2044,cs.LG
2050,cs.LG
2053,cs.LG
2056,cs.LG
2059,cs.LG
2061,cs.LG
2062,cs.LG
2088,cs.LG
2089,cs.LG
2093,cs.LG
2097,cs.LG
2098,cs.LG
2099,cs.LG
2100,cs.LG
2103,cs.LG
2111,cs.LG
2113,cs.LG
2116,cs.LG
2117,cs.LG
2121,cs.LG
2122,cs.LG
2124,cs.LG
2125,cs.LG
2130,cs.LG
2133,cs.LG
2140,cs.LG
2143,cs.LG
2144,cs.LG
2145,cs.LG
2150,cs.LG
2151,cs.LG
2153,cs.LG
2155,cs.LG
2157,cs.LG
2161,cs.LG
2164,cs.LG
2173,cs.LG
2174,cs.LG
2175,cs.LG
2189,cs.LG
2190,cs.LG
2193,cs.LG
2195,cs.LG
2200,cs.LG
2204,cs.LG
2205,cs.LG
2206,cs.LG
2208,cs.LG
2210,cs.LG
2212,cs.LG
2214,cs.LG
2215,cs.LG
2216,cs.LG
2220,cs.LG
2227,cs.LG
2230,cs.LG
2231,cs.LG
2239,cs.LG
2242,cs.LG
2243,cs.LG
2248,cs.LG
2253,cs.LG
2260,cs.LG
2263,cs.LG
2264,cs.LG
2265,cs.LG
2271,cs.LG
2279,cs.LG
2280,cs.LG
2282,cs.LG
2286,cs.LG
2292,cs.LG
2293,cs.LG
2299,cs.LG
2301,cs.LG
2309,cs.LG
2311,cs.LG
2316,cs.LG
2332,cs.LG
2333,cs.LG
2336,cs.LG
2352,cs.LG
2357,cs.LG
2361,cs.LG
2364,cs.LG
2365,cs.LG
2367,cs.LG
2374,cs.LG
2381,cs.LG
2383,cs.LG
2384,cs.LG
2385,cs.LG
2387,cs.LG
2388,cs.LG
2391,cs.LG
2392,cs.LG
2394,cs.LG
2397,cs.LG
2401,cs.LG
2407,cs.LG
2408,cs.LG
2411,cs.LG
2414,cs.LG
2419,cs.LG
2423,cs.LG
2425,cs.LG
2428,cs.LG
2430,cs.LG
2431,cs.LG
2432,cs.LG
2434,cs.LG
2435,cs.LG
2437,cs.LG
2440,cs.LG
2443,cs.LG
2444,cs.LG
2448,cs.LG
2449,cs.LG
2452,cs.LG
2453,cs.LG
2455,cs.LG
2460,cs.LG
2461,cs.LG
2464,cs.LG
2466,cs.LG
2472,cs.LG
2474,cs.LG
2481,cs.LG
2482,cs.LG
2483,cs.LG
2484,cs.LG
2487,cs.LG
2489,cs.LG
2495,cs.LG
2496,cs.LG
2502,cs.LG
2503,cs.LG
2504,cs.LG
2506,cs.LG
2511,cs.LG
2512,cs.LG
2522,cs.LG
2523,cs.LG
2526,cs.LG
2527,cs.LG
2530,cs.LG
2532,cs.LG
2534,cs.LG
2536,cs.LG
2537,cs.LG
2539,cs.LG
2541,cs.LG
2543,cs.LG
2545,cs.LG
2546,cs.LG
2549,cs.LG
2555,cs.LG
2557,cs.LG
2561,cs.LG
2562,cs.LG
2566,cs.LG
2567,cs.LG
2578,cs.LG
2586,cs.LG
2587,cs.LG
2590,cs.LG
2592,cs.LG
2593,cs.LG
2599,cs.LG
2602,cs.LG
2603,cs.LG
2609,cs.LG
2617,cs.LG
2630,cs.LG
2632,cs.LG
2640,cs.LG
2648,cs.LG
2649,cs.LG
2650,cs.LG
2652,cs.LG
2653,cs.LG
2659,cs.LG
2662,cs.LG
2664,cs.LG
2666,cs.LG
2667,cs.LG
2668,cs.LG
2671,cs.LG
2676,cs.LG
2681,cs.LG
2689,cs.LG
2692,cs.LG
2693,cs.LG
2709,cs.LG
2714,cs.LG
2716,cs.LG
2721,cs.LG
2722,cs.LG
2724,cs.LG
2737,cs.LG
2739,cs.LG
2745,cs.LG
2761,cs.LG
2773,cs.LG
2774,cs.LG
2780,cs.LG
2781,cs.LG
2787,cs.LG
2799,cs.LG
2802,cs.LG
2805,cs.LG
2810,cs.LG
2814,cs.LG
2822,cs.LG
2832,cs.LG
2840,cs.LG
2841,cs.LG
2843,cs.LG
2851,cs.LG
2852,cs.LG
2853,cs.LG
2855,cs.LG
2856,cs.LG
2862,cs.LG
2867,cs.LG
2871,cs.LG
2873,cs.LG
2874,cs.LG
2875,cs.LG
2887,cs.LG
2904,cs.LG
2909,cs.LG
2914,cs.LG
2916,cs.LG
2918,cs.LG
2919,cs.LG
2920,cs.LG
2928,cs.LG
2929,cs.LG
2953,cs.LG
2960,cs.LG
2961,cs.LG
2964,cs.LG
2967,cs.LG
2969,cs.LG
2971,cs.LG
2973,cs.LG
2976,cs.LG
2977,cs.LG
2979,cs.LG
2980,cs.LG
2984,cs.LG
2988,cs.LG
2991,cs.LG
2994,cs.LG
2996,cs.LG
3001,cs.LG
3003,cs.LG
3007,cs.LG
3011,cs.LG
3015,cs.LG
3016,cs.LG
3019,cs.LG
3035,cs.LG
3038,cs.LG
3047,cs.LG
3051,cs.LG
3053,cs.LG
3056,cs.LG
3058,cs.LG
3064,cs.LG
3069,cs.LG
3075,cs.LG
3078,cs.LG
3079,cs.LG
3089,cs.LG
3099,cs.LG
3100,cs.LG
3103,cs.LG
3105,cs.LG
3106,cs.LG
3107,cs.LG
3110,cs.LG
3117,cs.LG
3122,cs.LG
3131,cs.LG
3135,cs.LG
3138,cs.LG
3140,cs.LG
3141,cs.LG
3142,cs.LG
3147,cs.LG
3148,cs.LG
3157,cs.LG
3158,cs.LG
3159,cs.LG
3167,cs.LG
3168,cs.LG
3171,cs.LG
3176,cs.LG
3177,cs.LG
3178,cs.LG
3181,cs.LG
3182,cs.LG
3184,cs.LG
3186,cs.LG
3187,cs.LG
3188,cs.LG
3192,cs.LG
3196,cs.LG
3200,cs.LG
3201,cs.LG
3202,cs.LG
3208,cs.LG
3213,cs.LG
3216,cs.LG
3219,cs.LG
3221,cs.LG
3223,cs.LG
3227,cs.LG
3229,cs.LG
3230,cs.LG
3234,cs.LG
3236,cs.LG
3245,cs.LG
3253,cs.LG
3257,cs.LG
3258,cs.LG
3261,cs.LG
3262,cs.LG
3288,cs.LG
3300,cs.LG
3302,cs.LG
3304,cs.LG
3314,cs.LG
3316,cs.LG
3325,cs.LG
3327,cs.LG
3331,cs.LG
3333,cs.LG
3335,cs.LG
3348,cs.LG
3351,cs.LG
3352,cs.LG
3353,cs.LG
3355,cs.LG
3357,cs.LG
3358,cs.LG
3359,cs.LG
3360,cs.LG
3361,cs.LG
3363,cs.LG
3366,cs.LG
3367,cs.LG
3371,cs.LG
3373,cs.LG
3376,cs.LG
3379,cs.LG
3381,cs.LG
3383,cs.LG
3388,cs.LG
3392,cs.LG
3398,cs.LG
3401,cs.LG
3405,cs.LG
3406,cs.LG
3407,cs.LG
3415,cs.LG
3416,cs.LG
3424,cs.LG
3430,cs.LG
3432,cs.LG
3437,cs.LG
3442,cs.LG
3447,cs.LG
3448,cs.LG
3449,cs.LG
3453,cs.LG
3458,cs.LG
3463,cs.LG
3464,cs.LG
3467,cs.LG
3471,cs.LG
3472,cs.LG
3473,cs.LG
3476,cs.LG
3477,cs.LG
3482,cs.LG
3483,cs.LG
3486,cs.LG
3488,cs.LG
3490,cs.LG
3491,cs.LG
3492,cs.LG
3494,cs.LG
3499,cs.LG
3505,cs.LG
3507,cs.LG
3508,cs.LG
3513,cs.LG
3517,cs.LG
3522,cs.LG
3526,cs.LG
3536,cs.LG
3544,cs.LG
3546,cs.LG
3547,cs.LG
3551,cs.LG
3556,cs.LG
33,I.2.7
35,I.2.7
41,I.2.7
48,I.2.7
54,I.2.7
70,I.2.7
91,I.2.7
99,I.2.7
136,I.2.7
137,I.2.7
186,I.2.7
187,I.2.7
191,I.2.7
216,I.2.7
222,I.2.7
231,I.2.7
235,I.2.7
247,I.2.7
253,I.2.7
261,I.2.7
263,I.2.7
270,I.2.7
289,I.2.7
291,I.2.7
312,I.2.7
328,I.2.7
343,I.2.7
371,I.2.7
377,I.2.7
396,I.2.7
442,I.2.7
452,I.2.7
458,I.2.7
483,I.2.7
487,I.2.7
511,I.2.7
516,I.2.7
523,I.2.7
525,I.2.7
533,I.2.7
537,I.2.7
560,I.2.7
583,I.2.7
643,I.2.7
667,I.2.7
671,I.2.7
703,I.2.7
736,I.2.7
738,I.2.7
755,I.2.7
758,I.2.7
759,I.2.7
766,I.2.7
767,I.2.7
797,I.2.7
800,I.2.7
805,I.2.7
806,I.2.7
807,I.2.7
808,I.2.7
833,I.2.7
921,I.2.7
960,I.2.7
969,I.2.7
977,I.2.7
1000,I.2.7
1001,I.2.7
1008,I.2.7
1015,I.2.7
1026,I.2.7
1033,I.2.7
1034,I.2.7
1040,I.2.7
1075,I.2.7
1076,I.2.7
1123,I.2.7
1132,I.2.7
1157,I.2.7
1218,I.2.7
1222,I.2.7
1241,I.2.7
1261,I.2.7
1283,I.2.7
1286,I.2.7
1327,I.2.7
1332,I.2.7
1369,I.2.7
1375,I.2.7
1378,I.2.7
1405,I.2.7
1407,I.2.7
1422,I.2.7
1423,I.2.7
1480,I.2.7
1526,I.2.7
1535,I.2.7
1570,I.2.7
1571,I.2.7
1588,I.2.7
1608,I.2.7
1684,I.2.7
1710,I.2.7
1761,I.2.7
1770,I.2.7
1775,I.2.7
1805,I.2.7
1814,I.2.7
1817,I.2.7
1864,I.2.7
1875,I.2.7
1901,I.2.7
1902,I.2.7
2034,I.2.7
2035,I.2.7
2037,I.2.7
2065,I.2.7
2071,I.2.7
2109,I.2.7
2145,I.2.7
2158,I.2.7
2161,I.2.7
2170,I.2.7
2227,I.2.7
2264,I.2.7
2266,I.2.7
2280,I.2.7
2289,I.2.7
2290,I.2.7
2340,I.2.7
2341,I.2.7
2342,I.2.7
2346,I.2.7
2347,I.2.7
2376,I.2.7
2389,I.2.7
2426,I.2.7
2426,I.2.7
2440,I.2.7
2488,I.2.7
2504,I.2.7
2517,I.2.7
2520,I.2.7
2521,I.2.7
2565,I.2.7
2568,I.2.7
2581,I.2.7
2614,I.2.7
2639,I.2.7
2646,I.2.7
2683,I.2.7
2696,I.2.7
2724,I.2.7
2733,I.2.7
2736,I.2.7
2745,I.2.7
2751,I.2.7
2752,I.2.7
2753,I.2.7
2754,I.2.7
2755,I.2.7
2756,I.2.7
2757,I.2.7
2758,I.2.7
2759,I.2.7
2760,I.2.7
2761,I.2.7
2769,I.2.7
2771,I.2.7
2777,I.2.7
2810,I.2.7
2822,I.2.7
2849,I.2.7
2860,I.2.7
2881,I.2.7
2890,I.2.7
2898,I.2.7
2942,I.2.7
2958,I.2.7
2965,I.2.7
2975,I.2.7
2976,I.2.7
2977,I.2.7
2989,I.2.7
3002,I.2.7
3006,I.2.7
3035,I.2.7
3041,I.2.7
3059,I.2.7
3082,I.2.7
3137,I.2.7
3170,I.2.7
3195,I.2.7
3278,I.2.7
3307,I.2.7
3327,I.2.7
3378,I.2.7
3391,I.2.7
3394,I.2.7
3399,I.2.7
3428,I.2.7
3491,I.2.7
3529,I.2.7
16,cs.IR
37,cs.IR
41,cs.IR
64,cs.IR
67,cs.IR
82,cs.IR
131,cs.IR
142,cs.IR
167,cs.IR
186,cs.IR
227,cs.IR
261,cs.IR
297,cs.IR
336,cs.IR
373,cs.IR
441,cs.IR
444,cs.IR
472,cs.IR
474,cs.IR
485,cs.IR
565,cs.IR
575,cs.IR
598,cs.IR
620,cs.IR
685,cs.IR
715,cs.IR
718,cs.IR
721,cs.IR
737,cs.IR
743,cs.IR
744,cs.IR
789,cs.IR
800,cs.IR
833,cs.IR
876,cs.IR
895,cs.IR
897,cs.IR
898,cs.IR
908,cs.IR
920,cs.IR
935,cs.IR
967,cs.IR
974,cs.IR
980,cs.IR
1019,cs.IR
1032,cs.IR
1057,cs.IR
1058,cs.IR
1096,cs.IR
1123,cs.IR
1185,cs.IR
1189,cs.IR
1195,cs.IR
1210,cs.IR
1229,cs.IR
1239,cs.IR
1274,cs.IR
1283,cs.IR
1291,cs.IR
1311,cs.IR
1347,cs.IR
1357,cs.IR
1360,cs.IR
1370,cs.IR
1381,cs.IR
1397,cs.IR
1422,cs.IR
1423,cs.IR
1428,cs.IR
1435,cs.IR
1444,cs.IR
1446,cs.IR
1461,cs.IR
1478,cs.IR
1482,cs.IR
1509,cs.IR
1514,cs.IR
1572,cs.IR
1668,cs.IR
1712,cs.IR
1714,cs.IR
1746,cs.IR
1769,cs.IR
1792,cs.IR
1794,cs.IR
1800,cs.IR
1829,cs.IR
1836,cs.IR
1842,cs.IR
1864,cs.IR
1876,cs.IR
1885,cs.IR
1934,cs.IR
1949,cs.IR
1962,cs.IR
1986,cs.IR
2033,cs.IR
2050,cs.IR
2054,cs.IR
2085,cs.IR
2097,cs.IR
2116,cs.IR
2123,cs.IR
2130,cs.IR
2230,cs.IR
2247,cs.IR
2272,cs.IR
2310,cs.IR
2327,cs.IR
2343,cs.IR
2350,cs.IR
2353,cs.IR
2358,cs.IR
2359,cs.IR
2364,cs.IR
2369,cs.IR
2376,cs.IR
2385,cs.IR
2391,cs.IR
2393,cs.IR
2402,cs.IR
2421,cs.IR
2426,cs.IR
2429,cs.IR
2447,cs.IR
2488,cs.IR
2505,cs.IR
2527,cs.IR
2540,cs.IR
2546,cs.IR
2580,cs.IR
2611,cs.IR
2620,cs.IR
2621,cs.IR
2631,cs.IR
2634,cs.IR
2659,cs.IR
2663,cs.IR
2726,cs.IR
2733,cs.IR
2762,cs.IR
2768,cs.IR
2773,cs.IR
2774,cs.IR
2799,cs.IR
2800,cs.IR
2821,cs.IR
2836,cs.IR
2841,cs.IR
2847,cs.IR
2849,cs.IR
2880,cs.IR
2921,cs.IR
2949,cs.IR
2953,cs.IR
2994,cs.IR
3015,cs.IR
3025,cs.IR
3048,cs.IR
3108,cs.IR
3114,cs.IR
3117,cs.IR
3124,cs.IR
3137,cs.IR
3177,cs.IR
3201,cs.IR
3224,cs.IR
3229,cs.IR
3255,cs.IR
3261,cs.IR
3327,cs.IR
3329,cs.IR
3332,cs.IR
3341,cs.IR
3351,cs.IR
3358,cs.IR
3476,cs.IR
3488,cs.IR
3496,cs.IR
3508,cs.IR
3530,cs.IR
3556,cs.IR
43,cs.CV
140,cs.CV
278,cs.CV
298,cs.CV
323,cs.CV
350,cs.CV
397,cs.CV
423,cs.CV
486,cs.CV
497,cs.CV
500,cs.CV
585,cs.CV
586,cs.CV
592,cs.CV
610,cs.CV
647,cs.CV
650,cs.CV
660,cs.CV
668,cs.CV
672,cs.CV
712,cs.CV
777,cs.CV
834,cs.CV
878,cs.CV
882,cs.CV
895,cs.CV
902,cs.CV
909,cs.CV
934,cs.CV
938,cs.CV
950,cs.CV
1069,cs.CV
1145,cs.CV
1183,cs.CV
1188,cs.CV
1201,cs.CV
1227,cs.CV
1236,cs.CV
1245,cs.CV
1248,cs.CV
1267,cs.CV
1301,cs.CV
1315,cs.CV
1349,cs.CV
1359,cs.CV
1361,cs.CV
1371,cs.CV
1381,cs.CV
1401,cs.CV
1414,cs.CV
1430,cs.CV
1440,cs.CV
1441,cs.CV
1457,cs.CV
1483,cs.CV
1484,cs.CV
1554,cs.CV
1620,cs.CV
1634,cs.CV
1641,cs.CV
1652,cs.CV
1662,cs.CV
1680,cs.CV
1692,cs.CV
1695,cs.CV
1729,cs.CV
1765,cs.CV
1774,cs.CV
1777,cs.CV
1781,cs.CV
1837,cs.CV
1843,cs.CV
1846,cs.CV
1855,cs.CV
1896,cs.CV
1935,cs.CV
1960,cs.CV
2006,cs.CV
2052,cs.CV
2053,cs.CV
2113,cs.CV
2171,cs.CV
2174,cs.CV
2185,cs.CV
2204,cs.CV
2208,cs.CV
2236,cs.CV
2254,cs.CV
2264,cs.CV
2270,cs.CV
2277,cs.CV
2281,cs.CV
2297,cs.CV
2315,cs.CV
2329,cs.CV
2330,cs.CV
2332,cs.CV
2354,cs.CV
2468,cs.CV
2523,cs.CV
2529,cs.CV
2544,cs.CV
2588,cs.CV
2608,cs.CV
2623,cs.CV
2642,cs.CV
2667,cs.CV
2670,cs.CV
2708,cs.CV
2715,cs.CV
2721,cs.CV
2730,cs.CV
2792,cs.CV
2802,cs.CV
2805,cs.CV
2826,cs.CV
2918,cs.CV
2930,cs.CV
2973,cs.CV
3035,cs.CV
3051,cs.CV
3066,cs.CV
3079,cs.CV
3089,cs.CV
3098,cs.CV
3114,cs.CV
3133,cs.CV
3141,cs.CV
3156,cs.CV
3168,cs.CV
3169,cs.CV
3184,cs.CV
3202,cs.CV
3203,cs.CV
3213,cs.CV
3215,cs.CV
3238,cs.CV
3240,cs.CV
3243,cs.CV
3249,cs.CV
3251,cs.CV
3256,cs.CV
3257,cs.CV
3258,cs.CV
3268,cs.CV
3269,cs.CV
3287,cs.CV
3311,cs.CV
3345,cs.CV
3361,cs.CV
3380,cs.CV
3425,cs.CV
3473,cs.CV
3495,cs.CV
3507,cs.CV
3546,cs.CV
3552,cs.CV
47,eess.AS
108,eess.AS
197,eess.AS
241,eess.AS
279,eess.AS
349,eess.AS
380,eess.AS
569,eess.AS
587,eess.AS
595,eess.AS
617,eess.AS
653,eess.AS
714,eess.AS
721,eess.AS
729,eess.AS
742,eess.AS
775,eess.AS
781,eess.AS
786,eess.AS
790,eess.AS
794,eess.AS
796,eess.AS
830,eess.AS
896,eess.AS
907,eess.AS
949,eess.AS
951,eess.AS
957,eess.AS
1066,eess.AS
1084,eess.AS
1110,eess.AS
1125,eess.AS
1144,eess.AS
1150,eess.AS
1236,eess.AS
1242,eess.AS
1255,eess.AS
1268,eess.AS
1269,eess.AS
1282,eess.AS
1284,eess.AS
1285,eess.AS
1287,eess.AS
1307,eess.AS
1312,eess.AS
1319,eess.AS
1321,eess.AS
1331,eess.AS
1334,eess.AS
1337,eess.AS
1418,eess.AS
1465,eess.AS
1471,eess.AS
1560,eess.AS
1582,eess.AS
1588,eess.AS
1590,eess.AS
1647,eess.AS
1676,eess.AS
1679,eess.AS
1688,eess.AS
1725,eess.AS
1727,eess.AS
1838,eess.AS
1839,eess.AS
1847,eess.AS
1848,eess.AS
1886,eess.AS
1887,eess.AS
1889,eess.AS
1890,eess.AS
1922,eess.AS
2004,eess.AS
2005,eess.AS
2008,eess.AS
2046,eess.AS
2088,eess.AS
2131,eess.AS
2192,eess.AS
2193,eess.AS
2199,eess.AS
2213,eess.AS
2223,eess.AS
2231,eess.AS
2251,eess.AS
2252,eess.AS
2256,eess.AS
2273,eess.AS
2323,eess.AS
2416,eess.AS
2475,eess.AS
2531,eess.AS
2539,eess.AS
2542,eess.AS
2553,eess.AS
2555,eess.AS
2560,eess.AS
2563,eess.AS
2570,eess.AS
2584,eess.AS
2592,eess.AS
2625,eess.AS
2645,eess.AS
2660,eess.AS
2661,eess.AS
2668,eess.AS
2672,eess.AS
2682,eess.AS
2690,eess.AS
2712,eess.AS
2728,eess.AS
2810,eess.AS
2974,eess.AS
2985,eess.AS
2988,eess.AS
3003,eess.AS
3019,eess.AS
3072,eess.AS
3074,eess.AS
3123,eess.AS
3190,eess.AS
3196,eess.AS
3208,eess.AS
3210,eess.AS
3236,eess.AS
3258,eess.AS
3259,eess.AS
3313,eess.AS
3318,eess.AS
3328,eess.AS
3367,eess.AS
3385,eess.AS
3422,eess.AS
3435,eess.AS
3460,eess.AS
3462,eess.AS
3489,eess.AS
3537,eess.AS
3538,eess.AS
3548,eess.AS
3555,eess.AS
41,cs.SD
108,cs.SD
197,cs.SD
241,cs.SD
279,cs.SD
349,cs.SD
569,cs.SD
571,cs.SD
587,cs.SD
595,cs.SD
653,cs.SD
714,cs.SD
721,cs.SD
729,cs.SD
742,cs.SD
775,cs.SD
781,cs.SD
786,cs.SD
790,cs.SD
794,cs.SD
830,cs.SD
907,cs.SD
949,cs.SD
957,cs.SD
1066,cs.SD
1084,cs.SD
1110,cs.SD
1125,cs.SD
1150,cs.SD
1236,cs.SD
1242,cs.SD
1269,cs.SD
1284,cs.SD
1285,cs.SD
1287,cs.SD
1312,cs.SD
1319,cs.SD
1321,cs.SD
1334,cs.SD
1337,cs.SD
1418,cs.SD
1465,cs.SD
1471,cs.SD
1582,cs.SD
1588,cs.SD
1590,cs.SD
1647,cs.SD
1676,cs.SD
1679,cs.SD
1688,cs.SD
1725,cs.SD
1727,cs.SD
1838,cs.SD
1839,cs.SD
1848,cs.SD
1886,cs.SD
1887,cs.SD
1889,cs.SD
1922,cs.SD
2004,cs.SD
2008,cs.SD
2088,cs.SD
2131,cs.SD
2192,cs.SD
2193,cs.SD
2199,cs.SD
2213,cs.SD
2223,cs.SD
2231,cs.SD
2251,cs.SD
2252,cs.SD
2256,cs.SD
2273,cs.SD
2323,cs.SD
2416,cs.SD
2531,cs.SD
2539,cs.SD
2542,cs.SD
2553,cs.SD
2555,cs.SD
2560,cs.SD
2563,cs.SD
2570,cs.SD
2584,cs.SD
2592,cs.SD
2625,cs.SD
2645,cs.SD
2660,cs.SD
2661,cs.SD
2690,cs.SD
2712,cs.SD
2728,cs.SD
2810,cs.SD
2974,cs.SD
2985,cs.SD
2988,cs.SD
3003,cs.SD
3019,cs.SD
3072,cs.SD
3074,cs.SD
3190,cs.SD
3196,cs.SD
3208,cs.SD
3210,cs.SD
3214,cs.SD
3236,cs.SD
3259,cs.SD
3313,cs.SD
3318,cs.SD
3328,cs.SD
3367,cs.SD
3422,cs.SD
3435,cs.SD
3460,cs.SD
3462,cs.SD
3489,cs.SD
3537,cs.SD
3538,cs.SD
3548,cs.SD
3555,cs.SD
4,stat.ML
87,stat.ML
171,stat.ML
228,stat.ML
264,stat.ML
322,stat.ML
335,stat.ML
475,stat.ML
530,stat.ML
533,stat.ML
545,stat.ML
612,stat.ML
670,stat.ML
692,stat.ML
700,stat.ML
715,stat.ML
750,stat.ML
756,stat.ML
813,stat.ML
828,stat.ML
932,stat.ML
961,stat.ML
982,stat.ML
1014,stat.ML
1018,stat.ML
1057,stat.ML
1066,stat.ML
1105,stat.ML
1108,stat.ML
1184,stat.ML
1295,stat.ML
1357,stat.ML
1365,stat.ML
1369,stat.ML
1394,stat.ML
1400,stat.ML
1426,stat.ML
1433,stat.ML
1441,stat.ML
1442,stat.ML
1532,stat.ML
1576,stat.ML
1588,stat.ML
1678,stat.ML
1710,stat.ML
1770,stat.ML
1794,stat.ML
1800,stat.ML
1820,stat.ML
1845,stat.ML
1853,stat.ML
1854,stat.ML
1909,stat.ML
1919,stat.ML
1936,stat.ML
1955,stat.ML
1957,stat.ML
2008,stat.ML
2095,stat.ML
2098,stat.ML
2099,stat.ML
2124,stat.ML
2286,stat.ML
2336,stat.ML
2352,stat.ML
2357,stat.ML
2364,stat.ML
2367,stat.ML
2374,stat.ML
2376,stat.ML
2383,stat.ML
2385,stat.ML
2387,stat.ML
2388,stat.ML
2407,stat.ML
2408,stat.ML
2494,stat.ML
2512,stat.ML
2523,stat.ML
2527,stat.ML
2617,stat.ML
2630,stat.ML
2662,stat.ML
2666,stat.ML
2702,stat.ML
2716,stat.ML
2774,stat.ML
2787,stat.ML
2802,stat.ML
2810,stat.ML
2814,stat.ML
2832,stat.ML
2867,stat.ML
2871,stat.ML
2873,stat.ML
2955,stat.ML
2971,stat.ML
2977,stat.ML
2980,stat.ML
3001,stat.ML
3058,stat.ML
3074,stat.ML
3103,stat.ML
3138,stat.ML
3141,stat.ML
3214,stat.ML
3223,stat.ML
3300,stat.ML
3302,stat.ML
3304,stat.ML
3361,stat.ML
3520,stat.ML
17,cmp-lg
53,cmp-lg
56,cmp-lg
75,cmp-lg
111,cmp-lg
120,cmp-lg
121,cmp-lg
158,cmp-lg
200,cmp-lg
208,cmp-lg
209,cmp-lg
210,cmp-lg
233,cmp-lg
234,cmp-lg
249,cmp-lg
286,cmp-lg
308,cmp-lg
331,cmp-lg
364,cmp-lg
365,cmp-lg
398,cmp-lg
399,cmp-lg
400,cmp-lg
421,cmp-lg
471,cmp-lg
478,cmp-lg
536,cmp-lg
552,cmp-lg
600,cmp-lg
607,cmp-lg
644,cmp-lg
645,cmp-lg
701,cmp-lg
702,cmp-lg
704,cmp-lg
747,cmp-lg
831,cmp-lg
832,cmp-lg
838,cmp-lg
904,cmp-lg
928,cmp-lg
955,cmp-lg
958,cmp-lg
999,cmp-lg
1074,cmp-lg
1252,cmp-lg
1288,cmp-lg
1420,cmp-lg
1421,cmp-lg
1489,cmp-lg
1490,cmp-lg
1491,cmp-lg
1492,cmp-lg
1493,cmp-lg
1494,cmp-lg
1495,cmp-lg
1496,cmp-lg
1515,cmp-lg
1516,cmp-lg
1517,cmp-lg
1518,cmp-lg
1519,cmp-lg
1520,cmp-lg
1521,cmp-lg
1522,cmp-lg
1523,cmp-lg
1524,cmp-lg
1525,cmp-lg
1708,cmp-lg
1786,cmp-lg
1940,cmp-lg
1941,cmp-lg
1942,cmp-lg
1943,cmp-lg
1944,cmp-lg
1945,cmp-lg
1946,cmp-lg
2034,cmp-lg
2067,cmp-lg
2068,cmp-lg
2069,cmp-lg
2070,cmp-lg
2515,cmp-lg
2516,cmp-lg
2619,cmp-lg
2746,cmp-lg
2747,cmp-lg
2748,cmp-lg
2749,cmp-lg
3080,cmp-lg
3081,cmp-lg
3272,cmp-lg
3273,cmp-lg
3274,cmp-lg
3275,cmp-lg
3276,cmp-lg
3277,cmp-lg
112,cs.SE
127,cs.SE
198,cs.SE
284,cs.SE
294,cs.SE
333,cs.SE
357,cs.SE
430,cs.SE
432,cs.SE
437,cs.SE
440,cs.SE
443,cs.SE
446,cs.SE
482,cs.SE
496,cs.SE
530,cs.SE
549,cs.SE
556,cs.SE
577,cs.SE
602,cs.SE
612,cs.SE
620,cs.SE
694,cs.SE
696,cs.SE
746,cs.SE
892,cs.SE
912,cs.SE
930,cs.SE
939,cs.SE
1000,cs.SE
1009,cs.SE
1053,cs.SE
1058,cs.SE
1059,cs.SE
1062,cs.SE
1220,cs.SE
1241,cs.SE
1253,cs.SE
1325,cs.SE
1373,cs.SE
1377,cs.SE
1385,cs.SE
1400,cs.SE
1449,cs.SE
1563,cs.SE
1712,cs.SE
1757,cs.SE
1777,cs.SE
1783,cs.SE
1795,cs.SE
1796,cs.SE
1801,cs.SE
1802,cs.SE
1953,cs.SE
2014,cs.SE
2029,cs.SE
2047,cs.SE
2061,cs.SE
2062,cs.SE
2178,cs.SE
2268,cs.SE
2291,cs.SE
2300,cs.SE
2303,cs.SE
2304,cs.SE
2318,cs.SE
2324,cs.SE
2387,cs.SE
2444,cs.SE
2459,cs.SE
2499,cs.SE
2540,cs.SE
2541,cs.SE
2573,cs.SE
2634,cs.SE
2679,cs.SE
2710,cs.SE
2744,cs.SE
2750,cs.SE
2768,cs.SE
2883,cs.SE
2919,cs.SE
2961,cs.SE
2998,cs.SE
3000,cs.SE
3001,cs.SE
3006,cs.SE
3038,cs.SE
3040,cs.SE
3178,cs.SE
3206,cs.SE
3222,cs.SE
3239,cs.SE
3354,cs.SE
3355,cs.SE
3525,cs.SE
15,cs.HC
26,cs.HC
94,cs.HC
164,cs.HC
191,cs.HC
262,cs.HC
299,cs.HC
328,cs.HC
366,cs.HC
395,cs.HC
444,cs.HC
497,cs.HC
528,cs.HC
538,cs.HC
551,cs.HC
557,cs.HC
601,cs.HC
625,cs.HC
636,cs.HC
677,cs.HC
683,cs.HC
716,cs.HC
888,cs.HC
964,cs.HC
989,cs.HC
993,cs.HC
1000,cs.HC
1025,cs.HC
1048,cs.HC
1169,cs.HC
1236,cs.HC
1343,cs.HC
1371,cs.HC
1388,cs.HC
1459,cs.HC
1546,cs.HC
1692,cs.HC
1712,cs.HC
1748,cs.HC
1749,cs.HC
1778,cs.HC
1785,cs.HC
1792,cs.HC
1844,cs.HC
1907,cs.HC
2022,cs.HC
2050,cs.HC
2052,cs.HC
2065,cs.HC
2132,cs.HC
2163,cs.HC
2282,cs.HC
2292,cs.HC
2295,cs.HC
2305,cs.HC
2306,cs.HC
2326,cs.HC
2328,cs.HC
2437,cs.HC
2554,cs.HC
2577,cs.HC
2588,cs.HC
2608,cs.HC
2673,cs.HC
2700,cs.HC
2730,cs.HC
2735,cs.HC
2745,cs.HC
2758,cs.HC
2766,cs.HC
2891,cs.HC
3059,cs.HC
3071,cs.HC
3095,cs.HC
3178,cs.HC
3187,cs.HC
3209,cs.HC
3222,cs.HC
3230,cs.HC
69,cs.CY
195,cs.CY
322,cs.CY
338,cs.CY
340,cs.CY
393,cs.CY
466,cs.CY
534,cs.CY
557,cs.CY
567,cs.CY
574,cs.CY
589,cs.CY
593,cs.CY
706,cs.CY
769,cs.CY
966,cs.CY
984,cs.CY
985,cs.CY
989,cs.CY
990,cs.CY
1039,cs.CY
1050,cs.CY
1051,cs.CY
1063,cs.CY
1095,cs.CY
1120,cs.CY
1169,cs.CY
1206,cs.CY
1217,cs.CY
1249,cs.CY
1275,cs.CY
1419,cs.CY
1468,cs.CY
1510,cs.CY
1606,cs.CY
1617,cs.CY
1635,cs.CY
1692,cs.CY
1747,cs.CY
1779,cs.CY
1808,cs.CY
1980,cs.CY
2015,cs.CY
2204,cs.CY
2212,cs.CY
2259,cs.CY
2320,cs.CY
2328,cs.CY
2402,cs.CY
2414,cs.CY
2449,cs.CY
2467,cs.CY
2472,cs.CY
2537,cs.CY
2581,cs.CY
2601,cs.CY
2652,cs.CY
2677,cs.CY
2685,cs.CY
2695,cs.CY
2895,cs.CY
2934,cs.CY
2955,cs.CY
2963,cs.CY
2967,cs.CY
3005,cs.CY
3030,cs.CY
3200,cs.CY
3221,cs.CY
3229,cs.CY
3262,cs.CY
3279,cs.CY
3314,cs.CY
3468,cs.CY
3516,cs.CY
15,cs.DL
15,A.1
18,cs.FL
21,cs.FL
28,math.CT
32,cs.FL
32,cs.CC
33,68T50
37,cs.DB
37,cs.PL
37,D.3.2
37,H.2.4
41,cs.PL
41,H.5.1
41,H.5.5
41,I.2.4
41,I.2.5
45,cs.PL
48,D.2.6
48,J.5
48,K.3.2
54,H.3.3
68,H.5.2
68,D.1.2
68,J.5
70,68T50
79,cs.CC
87,q-bio.BM
89,physics.comp-ph
99,68T50
102,cs.FL
124,quant-ph
126,cs.CE
131,cs.DB
132,cs.PL
133,cs.DB
136,68T50
138,cs.FL
138,cs.DM
138,math.CO
138,math.PR
140,I.2.10
140,I.5.1
140,I.4.8
151,cs.CR
155,cs.PL
160,cs.FL
162,cs.GT
166,cs.DB
166,H.2.4
169,q-bio.BM
171,cs.NE
178,cs.SC
186,cs.SI
186,H.2.8
186,H.3.1
191,H.5.2
191,F.4.2
191,F.4.1
194,cs.NE
198,cs.PL
198,68-04
198,D.2.5
198,D.2.3
199,cs.PL
199,cs.DC
216,H.3.1
216,H.3.3
216,H.3.4
216,H.5.2
222,I.2.6
223,cs.NE
229,cs.FL
229,cs.PL
229,cs.SC
236,cs.NE
252,physics.comp-ph
252,physics.soc-ph
253,I.2.4
261,cond-mat.stat-mech
262,cs.RO
263,68T50
263,91F20
263,97C30
263,J.5
263,F.4.2
265,68T50
266,cs.FL
266,68Q45
266,F.4.3
276,68T50
280,q-bio.NC
284,cs.NE
286,q-bio
288,cs.LO
289,I.2.6
290,cs.DB
291,I.2.4
291,J.6
292,cs.RO
310,cs.DC
311,q-bio.NC
312,I.2.6
319,cs.RO
324,cs.NE
325,cs.NE
328,cs.DB
328,H.2.6
328,H.5.2
338,cs.DB
342,cs.PL
343,cs.NE
343,68T50
347,cs.FL
348,cs.GR
350,eess.IV
351,cs.RO
355,q-bio.NC
360,cs.ET
360,physics.optics
363,eess.SP
363,q-bio.QM
367,cs.DL
368,cs.NE
371,cs.DL
371,H.2.7
371,H.3.3
371,H.3.7
371,I.7.2
385,cs.AR
393,cs.MM
396,I.2.11
407,cs.DB
418,q-bio.NC
418,cs.NE
425,cs.LO
441,H.3.1
441,H.3.3
449,physics.data-an
451,q-bio.NC
460,cs.FL
461,cs.RO
469,cs.PL
482,cs.PL
483,H.3.1
483,H.3.3
483,H.3.6
485,cs.SI
490,cs.IT
490,math.IT
493,cs.OH
495,cs.GL
496,cs.PL
497,q-bio.NC
499,cs.RO
499,cs.SY
499,eess.SY
500,cs.RO
503,stat.CO
507,cs.CR
511,68T50
511,91F20
524,stat.ME
525,I.5
529,cs.DB
533,68T50
535,cs.DB
541,cs.PL
544,cs.IT
544,math.IT
544,37A25
544,94A17
551,cs.DB
553,cs.SI
556,cs.PL
577,cs.PL
584,cs.NE
590,I.2.4
590,H.2.3
591,eess.SP
598,cs.DL
604,math.PR
608,cs.DL
619,stat.AP
625,cs.NE
628,68T50
634,cs.NE
636,H.5.2
642,cs.IT
642,math.IT
643,68T07
643,I.2.6
655,cs.CR
656,cs.IT
656,math.IT
662,cs.CR
667,I.2.6
668,cs.RO
673,eess.SP
677,cs.GR
680,cs.RO
681,cs.RO
682,cs.MA
683,H.5.2
687,stat.AP
688,q-bio.BM
691,q-bio.NC
696,cs.PL
703,F.4.1
706,cs.CR
721,cs.MM
724,68T50
736,68T50
743,cs.DL
745,quant-ph
746,cs.PL
758,I.5.4
758,J.5
767,I.2
790,eess.SP
797,I.2.6
799,q-bio.NC
800,68T50
800,68T07
800,A.0
800,E.0
800,I.2.0
800,I.2.6
802,q-bio.NC
803,cs.CR
807,H.3.1
807,I.2.3
808,F.4.1
811,cs.LO
825,cs.MA
827,cs.OH
833,C.1.3
833,I.5.1
833,I.7.2
835,cs.PL
840,cs.FL
847,cs.FL
847,F.4.3
847,F.1.1
857,cs.PL
868,cs.NE
871,68T50
875,quant-ph
875,cs.CC
888,cs.RO
889,cs.NE
892,D.2.5
893,cs.IT
893,math.IT
893,math.ST
893,stat.TH
893,60G10
893,94A17
899,physics.geo-ph
901,q-bio.NC
902,cs.MM
902,eess.IV
912,cs.PL
917,68T01
917,F.0
917,J.0
917,J.4
917,I.2
921,I.2.2
921,I.2.3
921,I.5.1
922,physics.chem-ph
923,cs.CR
934,eess.IV
936,cs.CR
941,cs.RO
942,cs.CR
942,cs.NI
945,68-06
945,I.2
947,A.1
949,eess.SP
951,eess.IV
960,cs.CR
960,cs.PL
960,D.2.5
975,quant-ph
995,quant-ph
997,cs.DB
998,cs.DB
1000,cs.MA
1000,H.5.2
1001,cs.NE
1001,68T50
1004,cs.IT
1004,math.IT
1004,q-bio.NC
1008,68T50
1008,J.5
1015,68T50
1015,J.3
1015,C.4
1026,68T50
1031,q-bio.NC
1033,cs.NE
1033,I.5.1
1034,68T05
1034,68T50
1034,I.2.6
1036,68Q55
1036,14M15
1040,A.1
1041,cs.MA
1048,cs.DB
1055,q-bio.NC
1056,cs.DB
1063,cs.LO
1067,cs.PL
1070,cs.IT
1070,cs.DS
1070,cs.FL
1070,math.IT
1072,cs.NE
1075,H.3.3
1075,H.3.4
1075,H.5.1
1076,H.3.1
1076,H.3.3
1076,I.5.4
1079,cs.FL
1080,cs.CR
1091,q-bio.BM
1095,cs.SI
1097,cs.NE
1104,cs.PL
1105,cs.NE
1111,cs.PL
1111,D.3.3
1111,D.1.1
1111,D.1.5
1115,cs.FL
1131,cs.DB
1132,68T50
1132,91F20
1154,cs.FL
1157,I.7.2
1157,I.7.1
1182,physics.soc-ph
1185,cs.DL
1187,cond-mat.stat-mech
1187,physics.chem-ph
1190,cs.IT
1190,math.IT
1192,physics.soc-ph
1192,q-bio.NC
1195,H.3.3
1195,I.2.6
1197,cs.PL
1203,cs.SI
1209,cs.IT
1209,math.IT
1210,quant-ph
1216,cs.CR
1222,I.2.6
1224,cs.RO
1228,cs.RO
1229,H.3.1
1229,H.3.3
1229,H.3.4
1229,H.3.6
1237,cs.DB
1238,cs.PL
1239,68P20
1239,H.3.3
1241,D.2.1
1244,cond-mat.mtrl-sci
1245,cs.RO
1253,D.2.2
1253,D.2.13
1253,D.3.1
1257,cs.PL
1258,cs.AR
1258,cs.PL
1259,cs.IT
1259,math.IT
1259,94A17
1259,60G10
1259,94A29
1259,68Q30
1267,cs.RO
1270,cs.PL
1275,K.4.1
1275,K.5.0
1278,cs.OH
1278,03A10
1279,cs.IT
1279,math.IT
1279,94A17
1279,60G10
1279,94A29
1283,68T50
1285,eess.SP
1286,J.m
1286,E.m
1289,cs.LO
1289,math.CT
1289,math.QA
1292,quant-ph
1297,cs.IT
1297,math.IT
1300,physics.soc-ph
1313,cs.MA
1318,cs.RO
1320,cs.RO
1327,68T50
1332,68T01
1332,68T27
1332,68T50
1340,cs.DB
1342,quant-ph
1352,cs.DB
1352,cs.PL
1358,cs.RO
1365,cs.NE
1368,cs.DB
1368,H.2.0
1375,68T50
1378,I.2.3
1380,cs.DB
1384,quant-ph
1387,cs.NE
1388,cs.RO
1393,physics.hist-ph
1393,quant-ph
1394,cs.NE
1395,cs.NE
1405,68-06
1405,68-04
1405,68T50
1405,68T01
1405,I.2
1422,I.2.6
1422,H.3.1
1422,J.5
1423,I.2.6
1423,H.3.1
1423,J.5
1445,cs.LO
1445,68Q42
1445,F.4.2
1445,J.5
1446,cs.SI
1446,H.3
1446,H.4
1446,I.2
1446,J.4
1459,cs.CR
1469,68T01
1469,I.2
1470,quant-ph
1478,cs.NE
1478,physics.soc-ph
1479,cs.ET
1480,68
1482,cs.DL
1482,physics.soc-ph
1485,cs.DB
1486,math.LO
1514,cs.DL
1526,I.2.6
1527,cs.DC
1527,J.5
1527,D.1
1527,C.2
1548,I.1.2
1554,quant-ph
1562,physics.pop-ph
1563,cs.GR
1570,H.3.3
1572,H.3.1
1572,H.3.3
1572,H.3.4
1572,H.3.6
1573,math.RA
1573,20M35
1573,68Q70
1575,cs.FL
1585,physics.soc-ph
1585,cs.SI
1621,cs.NI
1622,cs.PF
1635,cs.DL
1635,cs.SI
1642,stat.AP
1652,cs.CE
1652,cs.DC
1652,econ.GN
1652,q-fin.EC
1655,q-bio.BM
1661,cs.NI
1661,C.2.3
1661,C.2.1
1663,q-bio.NC
1664,cs.PL
1677,q-bio.NC
1681,cs.NE
1686,cs.SI
1688,q-bio.QM
1692,cs.GR
1701,cs.CR
1704,cs.CR
1710,I.2.6
1710,I.5.1
1710,I.5.4
1717,68T50
1717,91F20
1717,I.7
1720,physics.chem-ph
1720,q-bio.QM
1727,eess.SP
1730,cs.NE
1739,q-bio.NC
1742,physics.soc-ph
1743,cs.CR
1745,cs.DB
1758,math.AT
1759,cs.DC
1761,68T07
1761,I.2.6
1770,cs.NE
1770,I.5.1
1771,q-bio.NC
1775,I.2.3
1776,cs.SI
1781,eess.IV
1784,cs.MA
1805,62M10
1807,quant-ph
1814,68T50
1817,stat.ME
1817,91B02
1817,68U15
1817,68T50
1817,62H99
1817,D.2.9
1817,I.7.m
1817,H.0
1819,cs.DL
1821,math.AT
1822,cs.CR
1825,cs.CR
1828,cs.FL
1828,cs.CC
1829,cs.DL
1833,cs.FL
1833,cs.LO
1833,F.4.3
1836,cs.DB
1843,cs.RO
1854,cs.SI
1860,cs.IT
1860,cs.NA
1860,math.IT
1860,math.NA
1860,stat.AP
1862,cs.DS
1862,cs.FL
1875,I.7.2
1875,I.7.1
1878,cs.LO
1878,math.CT
1890,cs.GL
1892,cs.SY
1892,eess.SY
1895,physics.gen-ph
1896,cs.RO
1900,F.1.1
1900,F.4.3
1900,I.2.1
1900,J.5
1901,F.1.1
1902,H.5.1
1903,quant-ph
1904,math.ST
1904,stat.CO
1904,stat.ME
1904,stat.TH
1914,cs.DB
1929,68T50
1935,cs.MM
1939,cs.CR
1947,E.2
1947,H.2.1
1947,H.3.3
1947,H.3.4
1947,H.3.7
1950,quant-ph
1958,physics.soc-ph
1978,cs.RO
1984,cs.NE
1990,cs.CR
2014,cs.CR
2014,cs.DB
2026,cs.LO
2026,cs.PL
2026,F.4.1
2027,cs.AR
2027,cs.DB
2028,cs.PL
2030,cs.DB
2031,q-bio.BM
2031,J.3
2031,A.1
2032,quant-ph
2034,H.3.1
2034,I.2.6
2035,I.2.6
2037,I.2.4
2043,cs.CR
2048,cond-mat.mtrl-sci
2055,eess.SP
2065,H.5.1
2071,H.3.3
2072,cs.GT
2072,cs.MA
2074,cs.DB
2079,cs.PL
2079,cs.DC
2085,cs.SI
2087,cs.FL
2087,cs.CC
2111,cs.RO
2121,cs.PF
2126,cs.NE
2145,I.2.6
2168,cond-mat.mtrl-sci
2200,cs.MA
2209,astro-ph.IM
2219,cs.NE
2227,cs.SI
2227,J.4
2227,K.4.2
2239,q-fin.ST
2239,q-fin.TR
2243,cs.CC
2244,cs.DB
2253,cs.CR
2258,q-fin.TR
2264,eess.IV
2264,I.2.1
2264,J.5
2264,K.3.1
2265,q-bio.QM
2266,F.2.2
2268,cs.CR
2268,cs.PL
2276,quant-ph
2280,68T50
2282,68U15
2282,H.5
2282,H.5.1
2282,H.5.2
2282,D.3.2
2288,cs.RO
2288,cs.SY
2289,H.5.2
2321,q-bio.NC
2324,cs.PL
2326,cs.DL
2329,cs.MM
2336,cs.NE
2342,H.3.3
2342,H.5.1
2345,math.CT
2345,68T50
2345,G.1.3
2345,H.3.1
2345,H.3.3
2350,cs.DL
2353,cs.NE
2353,cs.SI
2371,quant-ph
2376,F.2.2
2376,H.3.1
2376,H.3.3
2376,I.7
2378,q-fin.CP
2383,68T50
2383,68T05
2383,68T07
2386,stat.AP
2387,cs.PL
2393,68T50
2394,cs.SI
2397,cs.NE
2398,cs.DL
2401,cs.SI
2402,cs.SI
2407,cs.PL
2410,cs.DS
2415,cs.NE
2420,cs.SI
2423,physics.comp-ph
2426,I.5.1
2426,J.2
2426,I.5.1
2435,cs.CR
2440,F.2.6
2441,quant-ph
2442,cs.SI
2443,math.ST
2443,stat.TH
2452,cs.CR
2455,cs.CR
2459,68-02
2459,A.1
2459,D.m
2459,I.7.m
2468,stat.AP
2468,D.1.5
2468,D.3.0
2468,I.7
2468,J.4
2468,K.4
2471,cond-mat.mtrl-sci
2478,q-bio.QM
2478,q-bio.MN
2488,I.5.1
2488,I.7.1
2488,I.7.2
2490,hep-ph
2496,physics.chem-ph
2505,math.CT
2513,cs.LO
2513,cs.FL
2521,97K50
2522,cs.NE
2522,cs.LO
2536,cs.DC
2536,cs.PF
2540,cs.PL
2541,cs.PL
2554,cs.DB
2557,eess.SP
2557,q-bio.QM
2564,cs.PL
2564,cs.LO
2565,68T01
2566,q-bio.NC
2568,03B65
2568,68T50
2568,F.4.1
2568,I.2.3
2568,K.3.2
2568,I.2.6
2572,quant-ph
2573,cs.PL
2576,q-bio.NC
2578,quant-ph
2588,cs.RO
2590,cs.CR
2591,stat.AP
2603,cs.NE
2613,cs.RO
2614,cs.PL
2614,D.1.5
2622,cs.DL
2624,cs.CR
2625,cs.MA
2625,cs.RO
2626,cs.CR
2629,cs.CE
2629,q-bio.QM
2630,cs.NE
2630,cs.PL
2638,physics.ao-ph
2638,physics.app-ph
2641,cs.LO
2644,cs.NE
2644,cs.AR
2646,I.2.6
2648,cs.NE
2651,cs.CR
2654,68U15
2654,I.7
2663,cs.DB
2664,q-fin.ST
2665,cs.GL
2667,cs.GR
2673,F.1.1
2673,F.4.3
2673,H.5.2
2677,cs.SI
2683,68T50
2683,68T30
2683,J.3
2697,physics.gen-ph
2698,math.PR
2698,math-ph
2698,math.MP
2698,60K35
2698,82B44
2699,q-bio.PE
2704,math.CT
2706,q-bio.QM
2709,math.DS
2709,nlin.CD
2710,cs.PL
2711,stat.CO
2713,cs.CC
2713,F.4.3
2714,cs.MA
2721,cs.RO
2723,cs.RO
2726,H.3.3
2727,ACM-class:
2727,J.2
2730,cs.RO
2733,I.2.6
2735,I.2.6
2736,68
2736,I.2.4
2737,q-bio.QM
2741,q-bio.NC
2745,I.2.6
2745,I.2.1
2750,F.3.1
2750,K.6.3
2750,D.2.7
2750,D.2.5
2750,D.2.1
2751,I.2.6
2751,H.3.1
2752,I.2.4
2756,F.4.1
2758,H.5.2
2759,H.4.3
2759,I.2.6
2759,I.5.4
2759,K.4.1
2762,H.4
2769,cs.RO
2769,I.2.9
2771,quant-ph
2771,68T50
2774,cs.NE
2774,stat.CO
2774,68T05
2777,cs.SI
2783,cs.DC
2785,cs.PL
2787,math.OC
2800,cs.SI
2816,q-bio.MN
2817,q-bio.MN
2818,cs.MM
2822,cs.NE
2822,I.2.6
2822,I.5.1
2825,cs.CR
2826,68Txx
2849,68T50
2860,J.4
2883,cs.PL
2898,I.2.6
2904,q-bio.QM
2912,math.AT
2927,cs.PL
2927,cs.LO
2943,cs.SI
2952,q-bio.BM
2953,cs.DL
2958,D.1.3
2964,quant-ph
2965,I.2.1
2965,I.2.6
2966,q-bio.QM
2969,cs.DL
2969,68P20
2969,H.3.1
2972,cs.DL
2972,physics.comp-ph
2972,physics.data-an
2973,eess.IV
2976,math.CT
2976,math.LO
2976,68T50
2976,18C50
2977,I.5.1
2977,I.5.4
2977,G.3
2977,I.2.6
2978,cs.DL
2983,cs.SI
2985,cs.MM
2989,cs.NE
2989,H.5
2990,cs.RO
2991,cs.LO
2992,cs.CR
2995,eess.SY
2995,cs.SY
2995,eess.SP
2996,68P20
2996,H.1
2996,J.3
2999,cs.LO
2999,cs.PL
2999,F.3.2
3006,68T50
3006,68N30
3006,D.2.1
3022,cond-mat.mtrl-sci
3022,cond-mat.soft
3024,math.CT
3024,quant-ph
3025,cs.DL
3033,cs.FL
3034,nlin.AO
3034,nlin.CD
3035,cs.MM
3035,68W20
3035,68W25
3035,I.2.6
3035,I.2.8
3035,I.2.10
3035,I.4.8
3036,cs.FL
3036,cs.PL
3048,cs.DL
3054,cs.DB
3065,math.CT
3065,cs.FL
3065,cs.LO
3065,math.LO
3065,68Q42
3065,03B47
3070,cs.IT
3070,math.IT
3073,cs.LO
3078,cs.CR
3095,H.1.2
3099,cs.DL
3099,cs.SI
3117,cs.GR
3119,quant-ph
3133,cs.MM
3143,cs.CR
3148,cs.LO
3159,cs.CR
3177,cs.DB
3181,cs.CR
3192,cs.CR
3195,68T50
3206,D.2.9
3212,cs.FL
3212,cs.LO
3212,68Q45
3212,F.4.0
3214,cs.NE
3222,cs.PL
3224,H.3
3230,cs.SI
3234,q-bio.BM
3235,q-bio.QM
3238,cs.MM
3240,cs.RO
3252,cs.MM
3257,eess.IV
3262,cs.SI
3267,cs.DB
3268,cs.RO
3278,H.4.0
3278,H.5.1
3278,H.5.2
3284,68T50
3290,cs.DC
3290,cs.PL
3293,cs.NE
3300,cs.PL
3307,I.2.6
3308,cs.RO
3308,cs.FL
3309,cs.DB
3311,cs.NE
3327,68T50
3339,astro-ph.IM
3343,cs.RO
3351,68T05
3351,I.2.6
3361,cs.RO
3375,cs.SI
3381,q-bio.BM
3391,cs.FL
3391,cs.DM
3391,68R10
3391,F.4.3
3391,I.2.4
3394,68T50
3405,q-bio.BM
3449,cs.PF
3471,physics.chem-ph
3472,68T50
3473,cs.RO
3477,68T50
3477,I.2
3490,stat.AP
3490,68Txx
3490,68Uxx
3490,G.3
3490,I.2
3490,I.7
3491,cs.MA
3491,I.2.1
3491,I.2.11
3498,cond-mat.mtrl-sci
3498,I.7.m
3525,cs.SI
3527,cs.CR
3530,cs.CR
3538,cs.MM
3551,q-fin.ST
3551,q-fin.TR
